orig,0.712679,0.0294609,2
orig,0.647127,0.00787246,4
orig,0.391151,0.00882472,8
orig,0.292291,0.00945638,16
orig,0.146823,0.011544,32
orig,0.138191,0.015425,64
orig,0.133568,0.0227629,128
orig,0.128929,0.036178,256
orig,0.126196,0.0580264,512
orig,0.127466,0.094538,1024
orig,0.137204,0.153614,2048
orig,0.81579,0.0274223,2
orig,0.674073,0.00776861,4
orig,0.465791,0.00847743,8
orig,0.229932,0.00955746,16
orig,0.146004,0.01155,32
orig,0.138766,0.0155179,64
orig,0.133681,0.0227975,128
orig,0.129055,0.03618,256
orig,0.126178,0.0581024,512
orig,0.127264,0.0941758,1024
orig,0.137897,0.154453,2048
orig,0.723506,0.0274876,2
orig,0.738536,0.0080348,4
orig,0.376329,0.00815818,8
orig,0.228411,0.00931885,16
orig,0.150104,0.011607,32
orig,0.138192,0.0154435,64
orig,0.133445,0.0229114,128
orig,0.129419,0.036121,256
orig,0.126187,0.0578241,512
orig,0.127556,0.095203,1024
orig,0.137634,0.153407,2048
orig,0.668685,0.027522,2
orig,0.638792,0.0075869,4
orig,0.346777,0.00813652,8
orig,0.251919,0.00954657,16
orig,0.148316,0.0115404,32
orig,0.138677,0.0155208,64
orig,0.13372,0.0227698,128
orig,0.12891,0.0360118,256
orig,0.126418,0.0577373,512
orig,0.126878,0.0940578,1024
orig,0.137501,0.153233,2048
orig,0.965385,0.0275572,2
orig,0.601461,0.00817297,4
orig,0.355087,0.00856814,8
orig,0.242634,0.0092552,16
orig,0.152924,0.0113576,32
orig,0.138529,0.0159958,64
orig,0.134021,0.022852,128
orig,0.12932,0.0360827,256
orig,0.126298,0.0581439,512
orig,0.127251,0.094958,1024
orig,0.137643,0.154614,2048
orig,0.690891,0.0273691,2
orig,0.57479,0.00821552,4
orig,0.336254,0.00857407,8
orig,0.246927,0.00953939,16
orig,0.147048,0.0115523,32
orig,0.138767,0.015452,64
orig,0.133993,0.0229351,128
orig,0.129379,0.03622,256
orig,0.126295,0.0584879,512
orig,0.129279,0.0941837,1024
orig,0.137573,0.15503,2048
orig,0.682504,0.0272611,2
orig,0.58149,0.00849542,4
orig,0.4747,0.00810171,8
orig,0.218288,0.0108988,16
orig,0.151179,0.0130417,32
orig,0.138604,0.0154376,64
orig,0.133483,0.022821,128
orig,0.129104,0.0377677,256
orig,0.126484,0.0582575,512
orig,0.127796,0.0940369,1024
orig,0.137618,0.156216,2048
orig,0.67904,0.0255776,2
orig,0.588047,0.00807848,4
orig,0.536298,0.00858652,8
orig,0.238013,0.00960635,16
orig,0.148021,0.0116224,32
orig,0.138413,0.0155461,64
orig,0.134083,0.0228262,128
orig,0.129036,0.036135,256
orig,0.128682,0.0589573,512
orig,0.127595,0.0945862,1024
orig,0.137886,0.153888,2048
orig,0.680589,0.0282405,2
orig,0.619719,0.00882128,4
orig,0.381705,0.00848989,8
orig,0.283096,0.0096705,16
orig,0.153955,0.0116104,32
orig,0.138318,0.0155338,64
orig,0.134665,0.0229158,128
orig,0.142266,0.037702,256
orig,0.154862,0.0610288,512
orig,0.13975,0.0978966,1024
orig,0.143314,0.155956,2048
orig,0.749474,0.0302812,2
orig,0.596576,0.00835449,4
orig,0.339906,0.008647,8
orig,0.250009,0.00968529,16
orig,0.146835,0.0115562,32
orig,0.140155,0.0154829,64
orig,0.134614,0.0229412,128
orig,0.130184,0.0361514,256
orig,0.126627,0.0581938,512
orig,0.128623,0.0947868,1024
orig,0.138255,0.156075,2048
orig,0.742263,0.029049,2
orig,0.572803,0.00854891,4
orig,0.355047,0.00858807,8
orig,0.213904,0.00963004,16
orig,0.143643,0.0116477,32
orig,0.1408,0.0155514,64
orig,0.134731,0.0228607,128
orig,0.130155,0.0365866,256
orig,0.127444,0.0584713,512
orig,0.127865,0.094459,1024
orig,0.137615,0.154016,2048
orig,0.718414,0.027018,2
orig,0.607926,0.00852253,4
orig,0.456158,0.00843603,8
orig,0.236506,0.00955895,16
orig,0.145867,0.0115558,32
orig,0.140927,0.0171572,64
orig,0.134403,0.0232076,128
orig,0.129379,0.0365867,256
orig,0.127445,0.0583701,512
orig,0.127774,0.0948252,1024
orig,0.138109,0.156875,2048
orig,0.701212,0.0301768,2
orig,0.724378,0.00801505,4
orig,0.42521,0.0085878,8
orig,0.217322,0.0100897,16
orig,0.151187,0.011616,32
orig,0.140082,0.0156504,64
orig,0.134718,0.0228634,128
orig,0.13033,0.0360918,256
orig,0.127618,0.0589054,512
orig,0.128955,0.0948202,1024
orig,0.138855,0.15484,2048
orig,0.744306,0.029505,2
orig,0.582061,0.00806233,4
orig,0.373115,0.00863811,8
orig,0.260003,0.00960274,16
orig,0.147846,0.011934,32
orig,0.139341,0.0155574,64
orig,0.134633,0.0233451,128
orig,0.130041,0.0363015,256
orig,0.126741,0.0583569,512
orig,0.127721,0.0947214,1024
orig,0.138481,0.155686,2048
orig,0.918076,0.0290724,2
orig,0.626903,0.00910898,4
orig,0.35673,0.00884927,8
orig,0.269682,0.00974052,16
orig,0.146498,0.0116296,32
orig,0.13985,0.0155036,64
orig,0.133693,0.0228758,128
orig,0.129855,0.0366505,256
orig,0.126887,0.0584461,512
orig,0.127843,0.0950276,1024
orig,0.138151,0.155127,2048
orig,0.679157,0.0295016,2
orig,0.608845,0.00798375,4
orig,0.389522,0.00876743,8
orig,0.220216,0.0106742,16
orig,0.150495,0.0114253,32
orig,0.139436,0.0155466,64
orig,0.1343,0.0234557,128
orig,0.12994,0.036686,256
orig,0.126673,0.0589453,512
orig,0.12787,0.0949457,1024
orig,0.13766,0.155298,2048
orig,0.679972,0.0287933,2
orig,0.610714,0.00759188,4
orig,0.366279,0.00845381,8
orig,0.230356,0.0108349,16
orig,0.146283,0.0115783,32
orig,0.139893,0.0154646,64
orig,0.134295,0.0229627,128
orig,0.134103,0.0362917,256
orig,0.126518,0.0590642,512
orig,0.128282,0.0948848,1024
orig,0.137794,0.157366,2048
orig,0.71656,0.0288905,2
orig,0.579594,0.00784275,4
orig,0.439494,0.00852468,8
orig,0.217097,0.00944367,16
orig,0.148739,0.0116606,32
orig,0.140419,0.0161821,64
orig,0.135851,0.0229763,128
orig,0.130756,0.0362999,256
orig,0.127356,0.0582424,512
orig,0.129161,0.0959548,1024
orig,0.141993,0.154006,2048
orig,0.688019,0.028878,2
orig,0.580365,0.00797278,4
orig,0.404685,0.00892502,8
orig,0.230928,0.00966688,16
orig,0.145377,0.0115759,32
orig,0.140186,0.0155138,64
orig,0.135393,0.0235625,128
orig,0.133516,0.041393,256
orig,0.137106,0.0583938,512
orig,0.141685,0.0983761,1024
orig,0.150591,0.163468,2048
orig,0.779362,0.0277431,2
orig,0.616897,0.00796236,4
orig,0.392985,0.00943508,8
orig,0.262654,0.00967333,16
orig,0.167911,0.0120448,32
orig,0.144943,0.0207541,64
orig,0.143754,0.0232952,128
orig,0.13164,0.0362232,256
orig,0.134003,0.0635408,512
orig,0.129338,0.0952286,1024
orig,0.140346,0.155409,2048
orig,0.693992,0.0292247,2
orig,0.663689,0.00802275,4
orig,0.352661,0.0102392,8
orig,0.253607,0.0104074,16
orig,0.151023,0.0115569,32
orig,0.138744,0.0156218,64
orig,0.135551,0.0230381,128
orig,0.130617,0.0369285,256
orig,0.127106,0.0584706,512
orig,0.128026,0.0945175,1024
orig,0.13772,0.15519,2048
orig,0.695087,0.0287983,2
orig,0.619154,0.00797691,4
orig,0.370849,0.0085959,8
orig,0.216597,0.0112219,16
orig,0.149586,0.0116171,32
orig,0.146236,0.0165243,64
orig,0.135051,0.0242371,128
orig,0.130147,0.0362403,256
orig,0.127787,0.0585849,512
orig,0.12789,0.095579,1024
orig,0.14067,0.158325,2048
orig,0.701492,0.0330317,2
orig,0.612176,0.00804661,4
orig,0.486796,0.00861757,8
orig,0.249177,0.0111144,16
orig,0.185362,0.011696,32
orig,0.154003,0.0155322,64
orig,0.145678,0.0229228,128
orig,0.139736,0.0424036,256
orig,0.127087,0.0584073,512
orig,0.127804,0.0948284,1024
orig,0.137616,0.15514,2048
orig,0.676128,0.0317222,2
orig,0.626325,0.00844807,4
orig,0.348004,0.00859651,8
orig,0.208713,0.00960335,16
orig,0.155655,0.0119298,32
orig,0.139383,0.0155466,64
orig,0.134006,0.0229673,128
orig,0.130236,0.0362743,256
orig,0.127014,0.058203,512
orig,0.127707,0.0948121,1024
orig,0.138136,0.155456,2048
orig,0.704159,0.0312796,2
orig,0.578043,0.00813737,4
orig,0.346646,0.00858093,8
orig,0.294287,0.00953642,16
orig,0.14621,0.0115954,32
orig,0.139121,0.0155236,64
orig,0.133568,0.022885,128
orig,0.129309,0.0361389,256
orig,0.126167,0.0583448,512
orig,0.127812,0.0942163,1024
orig,0.137512,0.154733,2048
orig,0.675547,0.0316228,2
orig,0.676686,0.00835387,4
orig,0.485435,0.00815538,8
orig,0.289973,0.00978852,16
orig,0.14817,0.0116785,32
orig,0.139425,0.0154725,64
orig,0.133936,0.0228775,128
orig,0.12948,0.0361431,256
orig,0.126504,0.0583469,512
orig,0.127518,0.0950477,1024
orig,0.137691,0.154831,2048
orig,0.679327,0.0315782,2
orig,0.598072,0.00793726,4
orig,0.397267,0.0085105,8
orig,0.246876,0.00957175,16
orig,0.144908,0.0115689,32
orig,0.139115,0.0155647,64
orig,0.13385,0.0229079,128
orig,0.12925,0.0362885,256
orig,0.126006,0.0584568,512
orig,0.127708,0.0947475,1024
orig,0.13768,0.155104,2048
orig,0.780556,0.029553,2
orig,0.575699,0.00844958,4
orig,0.566321,0.00879993,8
orig,0.229788,0.00961165,16
orig,0.146457,0.0116909,32
orig,0.138621,0.0155288,64
orig,0.134674,0.0228983,128
orig,0.129211,0.0362715,256
orig,0.126948,0.0580957,512
orig,0.127479,0.0941945,1024
orig,0.13754,0.154725,2048
orig,0.677646,0.0336282,2
orig,0.664725,0.00845313,4
orig,0.346355,0.00816665,8
orig,0.28816,0.00952499,16
orig,0.147293,0.0115963,32
orig,0.13872,0.0156346,64
orig,0.138033,0.0228861,128
orig,0.129276,0.0361564,256
orig,0.126864,0.058072,512
orig,0.127729,0.0953043,1024
orig,0.137983,0.155633,2048
orig,0.677647,0.0308813,2
orig,0.580104,0.00836437,4
orig,0.341241,0.00834646,8
orig,0.257237,0.00957683,16
orig,0.146728,0.0115803,32
orig,0.138842,0.0161412,64
orig,0.13435,0.0229018,128
orig,0.129596,0.0362653,256
orig,0.126533,0.05838,512
orig,0.127742,0.0943196,1024
orig,0.137546,0.154006,2048
orig,0.671532,0.0328709,2
orig,0.59057,0.00844108,4
orig,0.349793,0.00861413,8
orig,0.244742,0.0095255,16
orig,0.145201,0.0116013,32
orig,0.139087,0.0155573,64
orig,0.13401,0.0228854,128
orig,0.129317,0.0362044,256
orig,0.126465,0.0583151,512
orig,0.127619,0.0946339,1024
orig,0.137867,0.155334,2048
orig,0.731646,0.0312945,2
orig,0.601226,0.00910893,4
orig,0.339908,0.00887761,8
orig,0.222645,0.00967569,16
orig,0.148483,0.0115935,32
orig,0.139366,0.0155781,64
orig,0.134071,0.0229242,128
orig,0.129475,0.0360932,256
orig,0.12641,0.0580917,512
orig,0.127901,0.094488,1024
orig,0.137399,0.15475,2048
orig,0.774021,0.0314063,2
orig,0.576235,0.00805071,4
orig,0.347544,0.0089505,8
orig,0.238497,0.00954522,16
orig,0.147885,0.0116077,32
orig,0.139227,0.0155479,64
orig,0.134106,0.0230608,128
orig,0.132332,0.0363141,256
orig,0.126147,0.0582258,512
orig,0.127437,0.0944416,1024
orig,0.138202,0.155118,2048
orig,0.677526,0.0354466,2
orig,0.64418,0.00848574,4
orig,0.339556,0.00865657,8
orig,0.256826,0.00958488,16
orig,0.148098,0.0116003,32
orig,0.138602,0.0155149,64
orig,0.133784,0.0228931,128
orig,0.129203,0.0363216,256
orig,0.126254,0.0582619,512
orig,0.128092,0.0942726,1024
orig,0.137824,0.154004,2048
orig,0.679619,0.0313841,2
orig,0.583092,0.00795716,4
orig,0.387976,0.00851212,8
orig,0.281671,0.00952266,16
orig,0.149011,0.0116027,32
orig,0.139054,0.0155517,64
orig,0.13364,0.0229214,128
orig,0.129415,0.0361221,256
orig,0.127433,0.0590745,512
orig,0.128697,0.0945132,1024
orig,0.137562,0.1547,2048
orig,0.911146,0.0311163,2
orig,0.57343,0.00795564,4
orig,0.405904,0.00865384,8
orig,0.25461,0.00956482,16
orig,0.146536,0.0116005,32
orig,0.139047,0.0156303,64
orig,0.133411,0.0228767,128
orig,0.129236,0.0361079,256
orig,0.126351,0.0583939,512
orig,0.127505,0.094478,1024
orig,0.137544,0.155362,2048
orig,0.674105,0.0315067,2
orig,0.572778,0.0083674,4
orig,0.461948,0.00866877,8
orig,0.286243,0.00955381,16
orig,0.148624,0.0115985,32
orig,0.138888,0.0155196,64
orig,0.133958,0.0228925,128
orig,0.129118,0.0360823,256
orig,0.126445,0.0581523,512
orig,0.127667,0.0950423,1024
orig,0.137562,0.154674,2048
orig,1.09384,0.0309869,2
orig,0.876457,0.00789803,4
orig,0.390538,0.0089661,8
orig,0.26212,0.00958972,16
orig,0.145026,0.0114011,32
orig,0.138615,0.01554,64
orig,0.133811,0.0228886,128
orig,0.129309,0.036286,256
orig,0.127397,0.0582082,512
orig,0.12737,0.0946326,1024
orig,0.137569,0.155719,2048
orig,0.670243,0.031403,2
orig,0.644212,0.00830427,4
orig,0.397155,0.00812642,8
orig,0.242056,0.00956979,16
orig,0.149396,0.0115338,32
orig,0.139001,0.0155385,64
orig,0.134261,0.0229899,128
orig,0.130233,0.0360463,256
orig,0.126348,0.0581197,512
orig,0.127312,0.0958404,1024
orig,0.13803,0.15458,2048
orig,1.09922,0.0314269,2
orig,0.575522,0.00812865,4
orig,0.397802,0.00889933,8
orig,0.237602,0.00957494,16
orig,0.151176,0.0114777,32
orig,0.139469,0.0155259,64
orig,0.133856,0.022911,128
orig,0.129424,0.0362166,256
orig,0.126756,0.0583306,512
orig,0.127674,0.0943823,1024
orig,0.137577,0.15504,2048
orig,0.676754,0.0310556,2
orig,0.670764,0.00762316,4
orig,0.444346,0.00853609,8
orig,0.234239,0.00927788,16
orig,0.148118,0.011596,32
orig,0.138964,0.0155562,64
orig,0.134416,0.0244621,128
orig,0.12909,0.036255,256
orig,0.126284,0.0584013,512
orig,0.127617,0.0952378,1024
orig,0.138385,0.154698,2048
orig,0.678662,0.0312479,2
orig,0.643324,0.00797788,4
orig,0.378164,0.00813933,8
orig,0.208768,0.00962054,16
orig,0.148345,0.0116147,32
orig,0.139345,0.0154664,64
orig,0.133878,0.0230815,128
orig,0.129607,0.0370727,256
orig,0.126426,0.0583422,512
orig,0.127864,0.095066,1024
orig,0.137701,0.155124,2048
orig,0.682211,0.0313308,2
orig,0.575472,0.00847269,4
orig,0.477756,0.00941073,8
orig,0.28895,0.0104678,16
orig,0.154999,0.0115604,32
orig,0.139569,0.0155033,64
orig,0.136406,0.0228814,128
orig,0.130373,0.0360743,256
orig,0.127188,0.058024,512
orig,0.127753,0.0945425,1024
orig,0.137944,0.155293,2048
orig,0.678026,0.0290481,2
orig,0.621639,0.00872262,4
orig,0.445676,0.00903887,8
orig,0.243424,0.00962043,16
orig,0.144172,0.0115932,32
orig,0.138563,0.0155257,64
orig,0.134297,0.0229254,128
orig,0.129607,0.036059,256
orig,0.126533,0.0583238,512
orig,0.127472,0.0948124,1024
orig,0.1375,0.155099,2048
orig,0.675096,0.0313858,2
orig,0.591203,0.00852536,4
orig,0.478106,0.0084782,8
orig,0.273786,0.00960522,16
orig,0.149187,0.0116172,32
orig,0.138598,0.0155358,64
orig,0.134004,0.0228745,128
orig,0.129236,0.0361311,256
orig,0.126532,0.0591971,512
orig,0.127188,0.09453,1024
orig,0.137425,0.154455,2048
orig,0.668819,0.0312949,2
orig,0.578994,0.00788721,4
orig,0.567461,0.00877599,8
orig,0.275413,0.00954549,16
orig,0.148007,0.0116007,32
orig,0.13831,0.0155756,64
orig,0.134073,0.022911,128
orig,0.129488,0.0363395,256
orig,0.126507,0.0581336,512
orig,0.127499,0.0942783,1024
orig,0.138028,0.154746,2048
orig,0.672845,0.0312987,2
orig,0.607361,0.00869736,4
orig,0.393119,0.00908336,8
orig,0.246547,0.00954589,16
orig,0.149104,0.0115661,32
orig,0.138561,0.0155833,64
orig,0.134434,0.0228394,128
orig,0.1294,0.0361961,256
orig,0.126237,0.0581993,512
orig,0.128544,0.0944366,1024
orig,0.137538,0.155639,2048
orig,0.72642,0.0312712,2
orig,0.579728,0.00845898,4
orig,0.338325,0.00858311,8
orig,0.195518,0.00963989,16
orig,0.145625,0.0116292,32
orig,0.138782,0.0155497,64
orig,0.133645,0.0228778,128
orig,0.129288,0.0361969,256
orig,0.126769,0.0585491,512
orig,0.127563,0.0945798,1024
orig,0.137542,0.154701,2048
orig,0.676572,0.0311819,2
orig,0.580314,0.00802199,4
orig,0.396563,0.00815279,8
orig,0.290216,0.00989426,16
orig,0.146622,0.011379,32
orig,0.138714,0.0155599,64
orig,0.133925,0.0230034,128
orig,0.1298,0.0362649,256
orig,0.12636,0.0582333,512
orig,0.127502,0.0948528,1024
orig,0.137818,0.155583,2048
orig,0.838292,0.0315512,2
orig,0.639569,0.00796515,4
orig,0.484038,0.00891404,8
orig,0.26068,0.0100998,16
orig,0.147946,0.0115254,32
orig,0.139083,0.0160529,64
orig,0.134354,0.0229008,128
orig,0.129223,0.0361091,256
orig,0.126626,0.0585549,512
orig,0.127501,0.094795,1024
orig,0.137632,0.155209,2048
orig,0.682916,0.0317137,2
orig,0.611588,0.00807773,4
orig,0.435277,0.00859152,8
orig,0.253733,0.00942192,16
orig,0.148926,0.0116118,32
orig,0.140382,0.0156075,64
orig,0.134011,0.022959,128
orig,0.129725,0.036159,256
orig,0.126563,0.0584621,512
orig,0.12761,0.0944827,1024
orig,0.138037,0.15486,2048
orig,0.676364,0.0315218,2
orig,0.579,0.00758868,4
orig,0.413196,0.00821254,8
orig,0.215325,0.00961832,16
orig,0.147263,0.0115539,32
orig,0.13847,0.0155356,64
orig,0.134028,0.0229489,128
orig,0.1296,0.0362068,256
orig,0.126491,0.0581794,512
orig,0.127547,0.0945392,1024
orig,0.137404,0.154864,2048
orig,0.723251,0.0313851,2
orig,0.57604,0.00833924,4
orig,0.447777,0.00854692,8
orig,0.252416,0.00956721,16
orig,0.148914,0.0115704,32
orig,0.139311,0.015554,64
orig,0.134246,0.0229064,128
orig,0.129059,0.0360824,256
orig,0.126674,0.0582158,512
orig,0.127604,0.094801,1024
orig,0.137341,0.154955,2048
orig,0.676811,0.0311888,2
orig,0.584622,0.00806914,4
orig,0.480296,0.00902816,8
orig,0.205801,0.00955856,16
orig,0.149091,0.0123084,32
orig,0.138711,0.0155442,64
orig,0.134038,0.022934,128
orig,0.130098,0.0361378,256
orig,0.126134,0.0583214,512
orig,0.127455,0.0945523,1024
orig,0.137664,0.154344,2048
orig,0.685604,0.0312463,2
orig,0.60451,0.00804048,4
orig,0.438751,0.00882118,8
orig,0.289241,0.00954534,16
orig,0.144103,0.011591,32
orig,0.13874,0.0155708,64
orig,0.133855,0.0228841,128
orig,0.130219,0.0362921,256
orig,0.126528,0.0585374,512
orig,0.12904,0.0952681,1024
orig,0.139229,0.159552,2048
orig,0.763632,0.032098,2
orig,0.662596,0.00842281,4
orig,0.476665,0.00855394,8
orig,0.251409,0.00927486,16
orig,0.149194,0.0115971,32
orig,0.138674,0.0155384,64
orig,0.133889,0.0229135,128
orig,0.12954,0.0361252,256
orig,0.126209,0.0583447,512
orig,0.127866,0.0950482,1024
orig,0.137602,0.156489,2048
orig,0.861252,0.0320527,2
orig,0.804993,0.00762355,4
orig,0.569333,0.00853798,8
orig,0.215698,0.00959993,16
orig,0.148963,0.0115899,32
orig,0.138664,0.0154758,64
orig,0.134183,0.0231852,128
orig,0.129589,0.0362283,256
orig,0.12714,0.0582676,512
orig,0.127695,0.0947642,1024
orig,0.138436,0.154761,2048
orig,0.983967,0.0312975,2
orig,0.617029,0.00832553,4
orig,0.406329,0.00828402,8
orig,0.264477,0.00951287,16
orig,0.149351,0.0115497,32
orig,0.138997,0.0155227,64
orig,0.134362,0.0229636,128
orig,0.129749,0.0362159,256
orig,0.128931,0.0584341,512
orig,0.12822,0.0950545,1024
orig,0.137807,0.155633,2048
orig,0.768356,0.0309824,2
orig,0.646049,0.00839733,4
orig,0.350851,0.00856745,8
orig,0.242878,0.0107029,16
orig,0.171166,0.0130417,32
orig,0.149445,0.0156505,64
orig,0.143733,0.0271487,128
orig,0.138796,0.0375937,256
orig,0.141851,0.0585057,512
orig,0.128081,0.0951072,1024
orig,0.137395,0.155922,2048
orig,0.682081,0.0311742,2
orig,0.645568,0.00762047,4
orig,0.426516,0.00837794,8
orig,0.291347,0.00955765,16
orig,0.147383,0.0115708,32
orig,0.141875,0.0157102,64
orig,0.141745,0.0246248,128
orig,0.135607,0.0364268,256
orig,0.132464,0.0585849,512
orig,0.135386,0.0951392,1024
orig,0.141327,0.156095,2048
orig,0.730013,0.0321193,2
orig,0.596629,0.00855953,4
orig,0.374946,0.00911204,8
orig,0.237088,0.00964256,16
orig,0.150202,0.0115451,32
orig,0.144773,0.0156303,64
orig,0.143017,0.0287224,128
orig,0.137269,0.0366904,256
orig,0.131873,0.0590669,512
orig,0.134483,0.0952456,1024
orig,0.146093,0.155262,2048
orig,0.831202,0.031817,2
orig,0.717991,0.0081515,4
orig,0.369601,0.00883103,8
orig,0.267752,0.0100743,16
orig,0.183901,0.011648,32
orig,0.157096,0.0155572,64
orig,0.141689,0.0230645,128
orig,0.136602,0.0362932,256
orig,0.133615,0.0619245,512
orig,0.134827,0.0949157,1024
orig,0.142926,0.156244,2048
orig,0.689811,0.0320044,2
orig,0.610436,0.00922171,4
orig,0.388541,0.00826493,8
orig,0.243405,0.0109351,16
orig,0.16204,0.013286,32
orig,0.15063,0.0176924,64
orig,0.140948,0.0230841,128
orig,0.139235,0.0444829,256
orig,0.133732,0.0585553,512
orig,0.136477,0.0951644,1024
orig,0.147054,0.156314,2048
orig,0.733759,0.0342614,2
orig,0.584613,0.00845582,4
orig,0.489914,0.00887256,8
orig,0.245294,0.00967038,16
orig,0.181263,0.0117667,32
orig,0.155482,0.0155256,64
orig,0.142766,0.0231143,128
orig,0.135241,0.0363632,256
orig,0.133264,0.0584295,512
orig,0.133367,0.0951795,1024
orig,0.144518,0.154922,2048
orig,0.681911,0.0318079,2
orig,0.584132,0.00784514,4
orig,0.479303,0.00871202,8
orig,0.257674,0.00964788,16
orig,0.166707,0.0115416,32
orig,0.158426,0.0182486,64
orig,0.149051,0.0256467,128
orig,0.142437,0.0369915,256
orig,0.143528,0.0596635,512
orig,0.139933,0.0951069,1024
orig,0.148249,0.15791,2048
orig,0.686267,0.0319624,2
orig,0.610842,0.00841029,4
orig,0.374929,0.00861831,8
orig,0.266892,0.00986183,16
orig,0.158509,0.0132044,32
orig,0.150869,0.0188606,64
orig,0.145915,0.0238532,128
orig,0.14205,0.0363786,256
orig,0.136216,0.05859,512
orig,0.137411,0.0949759,1024
orig,0.148724,0.162118,2048
orig,0.708314,0.0295667,2
orig,0.60998,0.00853636,4
orig,0.351746,0.00868516,8
orig,0.22867,0.00951172,16
orig,0.167277,0.0116649,32
orig,0.15272,0.0156374,64
orig,0.142875,0.0229816,128
orig,0.139445,0.0363948,256
orig,0.136186,0.0587735,512
orig,0.135541,0.0951588,1024
orig,0.146593,0.158682,2048
orig,0.705937,0.0309091,2
orig,0.596023,0.00797479,4
orig,0.419483,0.00862209,8
orig,0.25651,0.00944502,16
orig,0.186322,0.0115957,32
orig,0.151144,0.0155537,64
orig,0.143498,0.0229418,128
orig,0.138742,0.0363816,256
orig,0.136315,0.0588388,512
orig,0.136347,0.0951104,1024
orig,0.147293,0.155543,2048
orig,0.687613,0.0297474,2
orig,0.590125,0.00852897,4
orig,0.404236,0.00979605,8
orig,0.25399,0.0108769,16
orig,0.164267,0.011539,32
orig,0.151572,0.0173939,64
orig,0.141969,0.0229997,128
orig,0.136686,0.0363749,256
orig,0.132944,0.0592378,512
orig,0.131488,0.0979572,1024
orig,0.143093,0.157211,2048
orig,0.691312,0.0280626,2
orig,0.678161,0.00803156,4
orig,0.440431,0.0116282,8
orig,0.320616,0.0122382,16
orig,0.184758,0.0158653,32
orig,0.26785,0.021321,64
orig,0.19805,0.0317059,128
orig,0.181727,0.0502889,256
orig,0.168532,0.0786779,512
orig,0.201826,0.12726,1024
orig,0.183123,0.200529,2048
orig,1.25466,0.057553,2
orig,1.00909,0.014852,4
orig,0.692631,0.0117537,8
orig,0.414719,0.0132038,16
orig,0.352783,0.0158136,32
orig,0.29744,0.022388,64
orig,0.246105,0.0327534,128
orig,0.265124,0.0566882,256
orig,0.202124,0.0811326,512
orig,0.199442,0.135155,1024
orig,0.287899,0.232859,2048
orig,1.16315,0.0498304,2
orig,1.0605,0.0136211,4
orig,0.670988,0.0120542,8
orig,0.456955,0.0134048,16
orig,0.294267,0.0198505,32
orig,0.272821,0.0228644,64
orig,0.243357,0.0372644,128
orig,0.238071,0.0498578,256
orig,0.26833,0.0866802,512
orig,0.235426,0.146328,1024
orig,0.268812,0.22146,2048
orig,1.1675,0.0479367,2
orig,1.02757,0.0153533,4
orig,0.658139,0.0133512,8
orig,0.483271,0.0136075,16
orig,0.375618,0.0164432,32
orig,0.301851,0.0223495,64
orig,0.23595,0.0350374,128
orig,0.214706,0.0570623,256
orig,0.225957,0.0802132,512
orig,0.212187,0.138006,1024
orig,0.243498,0.229479,2048
orig,1.21797,0.048776,2
orig,1.01129,0.0107501,4
orig,0.669429,0.0116735,8
orig,0.389685,0.0131653,16
orig,0.388028,0.0169729,32
orig,0.295295,0.0226837,64
orig,0.267038,0.0324973,128
orig,0.24049,0.051189,256
orig,0.210681,0.0802896,512
orig,0.217271,0.133651,1024
orig,0.249362,0.225255,2048
orig,0.688444,0.0293028,2
orig,0.586796,0.00833574,4
orig,0.570849,0.00858988,8
orig,0.20554,0.00967106,16
orig,0.149538,0.0116092,32
orig,0.13934,0.0156234,64
orig,0.134539,0.022945,128
orig,0.129434,0.0367348,256
orig,0.127176,0.0583992,512
orig,0.12779,0.0953073,1024
orig,0.13826,0.156104,2048
orig,0.735353,0.0292751,2
orig,0.577318,0.00785316,4
orig,0.569743,0.00855843,8
orig,0.209744,0.00969521,16
orig,0.149506,0.0116144,32
orig,0.13938,0.0155143,64
orig,0.134579,0.0229338,128
orig,0.129733,0.0367953,256
orig,0.126471,0.0584887,512
orig,0.12775,0.0947957,1024
orig,0.137927,0.156501,2048
orig,0.675756,0.0315018,2
orig,0.610387,0.00796459,4
orig,0.340739,0.00855238,8
orig,0.279257,0.00958178,16
orig,0.148998,0.0116318,32
orig,0.139376,0.0155528,64
orig,0.135155,0.0229582,128
orig,0.130024,0.0362208,256
orig,0.126934,0.0587153,512
orig,0.129361,0.0953083,1024
orig,0.139569,0.15644,2048
orig,0.70646,0.0314845,2
orig,0.584122,0.0084346,4
orig,0.396236,0.00860741,8
orig,0.22759,0.0095623,16
orig,0.149774,0.0117984,32
orig,0.142613,0.0155258,64
orig,0.134539,0.0229616,128
orig,0.129997,0.0369992,256
orig,0.127621,0.0586821,512
orig,0.128282,0.0954461,1024
orig,0.138269,0.154717,2048
orig,0.813422,0.0317027,2
orig,0.649685,0.00830861,4
orig,0.39783,0.00832027,8
orig,0.249252,0.00966098,16
orig,0.147534,0.0128476,32
orig,0.140189,0.0155242,64
orig,0.134358,0.0232074,128
orig,0.130058,0.0361732,256
orig,0.12744,0.0583729,512
orig,0.127861,0.0952145,1024
orig,0.13775,0.156702,2048
orig,0.922305,0.0314355,2
orig,0.643531,0.00787485,4
orig,0.396738,0.00859492,8
orig,0.252718,0.00956252,16
orig,0.147014,0.0115838,32
orig,0.138965,0.0155794,64
orig,0.134374,0.0229246,128
orig,0.129578,0.0361773,256
orig,0.126547,0.0583202,512
orig,0.128516,0.0948106,1024
orig,0.1383,0.155056,2048
orig,0.677093,0.0315415,2
orig,0.575507,0.0080482,4
orig,0.482125,0.00893128,8
orig,0.225095,0.00961276,16
orig,0.148979,0.0115834,32
orig,0.138778,0.0155647,64
orig,0.134707,0.0229949,128
orig,0.130362,0.0361247,256
orig,0.126913,0.0583385,512
orig,0.128126,0.0949109,1024
orig,0.137868,0.156765,2048
orig,0.681233,0.0319471,2
orig,0.58013,0.0084153,4
orig,0.403747,0.00854391,8
orig,0.2557,0.00954596,16
orig,0.147159,0.011584,32
orig,0.138305,0.0155392,64
orig,0.134122,0.0229148,128
orig,0.129989,0.0361556,256
orig,0.126713,0.058339,512
orig,0.127903,0.0946202,1024
orig,0.137868,0.155159,2048
orig,0.676011,0.031752,2
orig,0.577077,0.00803615,4
orig,0.480476,0.00858145,8
orig,0.258761,0.00928927,16
orig,0.148293,0.0115952,32
orig,0.139374,0.0156293,64
orig,0.134488,0.0229229,128
orig,0.129463,0.0361464,256
orig,0.126936,0.0582835,512
orig,0.127787,0.0950647,1024
orig,0.137679,0.154975,2048
orig,0.766461,0.0316102,2
orig,0.58008,0.00841337,4
orig,0.398138,0.00856046,8
orig,0.274157,0.00957607,16
orig,0.149899,0.0118757,32
orig,0.139396,0.0154843,64
orig,0.134495,0.0228743,128
orig,0.129881,0.0361487,256
orig,0.126929,0.0585837,512
orig,0.127824,0.095001,1024
orig,0.138223,0.155348,2048
orig,0.784255,0.0323875,2
orig,0.648347,0.00799627,4
orig,0.382286,0.00881884,8
orig,0.259072,0.00962614,16
orig,0.146347,0.0116567,32
orig,0.139153,0.0155597,64
orig,0.134079,0.0229195,128
orig,0.129873,0.0361517,256
orig,0.126695,0.0583651,512
orig,0.128111,0.0946213,1024
orig,0.137957,0.155173,2048
orig,0.679622,0.0313477,2
orig,0.68557,0.00829168,4
orig,0.350617,0.00860738,8
orig,0.217886,0.00962737,16
orig,0.146302,0.0115593,32
orig,0.138502,0.0155478,64
orig,0.134176,0.0228974,128
orig,0.12976,0.036161,256
orig,0.126559,0.0582487,512
orig,0.127636,0.0952956,1024
orig,0.137718,0.155425,2048
orig,0.677354,0.031583,2
orig,0.839785,0.00830593,4
orig,0.392504,0.00896117,8
orig,0.259432,0.00959719,16
orig,0.148344,0.0115679,32
orig,0.139223,0.0155819,64
orig,0.134292,0.0229588,128
orig,0.129503,0.0362057,256
orig,0.126776,0.0583639,512
orig,0.127946,0.0963531,1024
orig,0.137702,0.15475,2048
orig,0.676857,0.0322419,2
orig,0.65178,0.00794513,4
orig,0.479107,0.00905047,8
orig,0.258595,0.00964749,16
orig,0.146005,0.011925,32
orig,0.138689,0.0155526,64
orig,0.134053,0.0228829,128
orig,0.129724,0.0362598,256
orig,0.127045,0.0584263,512
orig,0.128606,0.0949097,1024
orig,0.13775,0.155091,2048
orig,0.678525,0.0314311,2
orig,0.577681,0.00852016,4
orig,0.344767,0.00889301,8
orig,0.23374,0.00951653,16
orig,0.149255,0.0115888,32
orig,0.139577,0.0155386,64
orig,0.134261,0.0229212,128
orig,0.130377,0.036138,256
orig,0.126821,0.058429,512
orig,0.127668,0.0950865,1024
orig,0.138127,0.155775,2048
orig,0.672012,0.0315534,2
orig,0.642481,0.00795678,4
orig,0.416661,0.00904429,8
orig,0.28988,0.00978015,16
orig,0.143846,0.0116257,32
orig,0.138851,0.0155307,64
orig,0.134533,0.0233305,128
orig,0.129816,0.0362487,256
orig,0.126552,0.0582083,512
orig,0.128699,0.0943675,1024
orig,0.137708,0.154759,2048
orig,0.674626,0.0315159,2
orig,0.578351,0.00795815,4
orig,0.413115,0.00855392,8
orig,0.266383,0.00937601,16
orig,0.148036,0.0115958,32
orig,0.138829,0.0155444,64
orig,0.134384,0.0229615,128
orig,0.129813,0.0362825,256
orig,0.127324,0.0586181,512
orig,0.127829,0.0949824,1024
orig,0.137882,0.155572,2048
orig,0.671045,0.0315103,2
orig,0.57884,0.00802226,4
orig,0.342467,0.00902605,8
orig,0.232318,0.00941183,16
orig,0.150202,0.011584,32
orig,0.139168,0.0155071,64
orig,0.134553,0.0230035,128
orig,0.130086,0.036276,256
orig,0.12675,0.0586324,512
orig,0.127585,0.0952308,1024
orig,0.137634,0.155198,2048
orig,0.712145,0.0289781,2
orig,0.582695,0.00829813,4
orig,0.468578,0.00851976,8
orig,0.272203,0.00931431,16
orig,0.147285,0.0115973,32
orig,0.138894,0.0156035,64
orig,0.134627,0.0229722,128
orig,0.129813,0.0362678,256
orig,0.127095,0.0582208,512
orig,0.128112,0.0945986,1024
orig,0.137849,0.155069,2048
orig,0.679814,0.0316524,2
orig,0.635515,0.00838924,4
orig,0.444659,0.00927,8
orig,0.240057,0.00940351,16
orig,0.149092,0.0115736,32
orig,0.139252,0.0155005,64
orig,0.134313,0.0228671,128
orig,0.129465,0.0361067,256
orig,0.126788,0.0582829,512
orig,0.128128,0.0941355,1024
orig,0.137652,0.154295,2048
orig,0.672292,0.031541,2
orig,0.58544,0.00794122,4
orig,0.440441,0.0090251,8
orig,0.240136,0.00956013,16
orig,0.149935,0.0115598,32
orig,0.139597,0.0155231,64
orig,0.134085,0.0229454,128
orig,0.129697,0.0362742,256
orig,0.126695,0.0582388,512
orig,0.127764,0.0949309,1024
orig,0.137982,0.155397,2048
orig,0.674273,0.0315924,2
orig,0.61073,0.00847873,4
orig,0.503026,0.00830367,8
orig,0.209539,0.00926891,16
orig,0.144121,0.0116791,32
orig,0.139407,0.015555,64
orig,0.134553,0.0229679,128
orig,0.129511,0.0362717,256
orig,0.126486,0.0584891,512
orig,0.127551,0.0947124,1024
orig,0.137705,0.154973,2048
orig,0.679672,0.0317238,2
orig,0.606326,0.00835048,4
orig,0.347475,0.00857428,8
orig,0.233736,0.0101864,16
orig,0.148792,0.0115382,32
orig,0.139114,0.0155102,64
orig,0.134574,0.0228644,128
orig,0.129737,0.0360985,256
orig,0.126527,0.0583356,512
orig,0.127993,0.094676,1024
orig,0.137979,0.155589,2048
orig,0.672445,0.031627,2
orig,0.577162,0.0083498,4
orig,0.504223,0.00897501,8
orig,0.29068,0.00958243,16
orig,0.146908,0.0116775,32
orig,0.138905,0.0154744,64
orig,0.134379,0.0229886,128
orig,0.129704,0.0361901,256
orig,0.126851,0.0583726,512
orig,0.127871,0.0947453,1024
orig,0.137915,0.154989,2048
orig,0.708043,0.031188,2
orig,0.573704,0.00828858,4
orig,0.338657,0.00864555,8
orig,0.259902,0.00957693,16
orig,0.150703,0.0115916,32
orig,0.141162,0.0155883,64
orig,0.134012,0.0228837,128
orig,0.130278,0.036287,256
orig,0.126726,0.0585874,512
orig,0.127884,0.0946601,1024
orig,0.138764,0.155328,2048
orig,0.820655,0.0320334,2
orig,0.620905,0.00814874,4
orig,0.494611,0.00838515,8
orig,0.215799,0.00965256,16
orig,0.149344,0.0115946,32
orig,0.139603,0.0154978,64
orig,0.13454,0.022886,128
orig,0.129285,0.0362212,256
orig,0.126613,0.0581897,512
orig,0.127815,0.0948606,1024
orig,0.137622,0.155286,2048
tbb,0.832343,0.0285693,2
tbb,0.579441,0.00778937,4
tbb,0.487439,0.00833407,8
tbb,0.210427,0.00944459,16
tbb,0.19859,0.0114423,32
tbb,0.153606,0.0155189,64
tbb,0.150393,0.0228702,128
tbb,0.134189,0.0359866,256
tbb,0.129788,0.0580457,512
tbb,0.12769,0.0941772,1024
tbb,0.135166,0.1545,2048
tbb,0.757018,0.0283745,2
tbb,0.616711,0.00772652,4
tbb,0.483168,0.00825585,8
tbb,0.226865,0.00950302,16
tbb,0.177621,0.0115912,32
tbb,0.157275,0.0154333,64
tbb,0.151201,0.0228747,128
tbb,0.136185,0.0359317,256
tbb,0.128557,0.0582181,512
tbb,0.127334,0.0947474,1024
tbb,0.13478,0.155789,2048
tbb,0.671141,0.0304178,2
tbb,0.580353,0.00778473,4
tbb,0.38547,0.00830316,8
tbb,0.263586,0.00939025,16
tbb,0.182334,0.0114587,32
tbb,0.165771,0.0155083,64
tbb,0.146746,0.0228124,128
tbb,0.136418,0.0360314,256
tbb,0.127488,0.0577427,512
tbb,0.126868,0.0943876,1024
tbb,0.134627,0.154346,2048
tbb,0.786455,0.0287782,2
tbb,0.643971,0.00769885,4
tbb,0.455401,0.00829996,8
tbb,0.284438,0.0093666,16
tbb,0.198758,0.0114594,32
tbb,0.162768,0.0154374,64
tbb,0.14442,0.0234839,128
tbb,0.13464,0.0360434,256
tbb,0.128568,0.0578936,512
tbb,0.127003,0.095629,1024
tbb,0.134431,0.153879,2048
tbb,0.667649,0.0283877,2
tbb,0.640833,0.0076837,4
tbb,0.354896,0.00831394,8
tbb,0.239841,0.00943228,16
tbb,0.174903,0.0114448,32
tbb,0.155476,0.015501,64
tbb,0.151894,0.0227916,128
tbb,0.136887,0.0359744,256
tbb,0.126354,0.057862,512
tbb,0.126557,0.0942589,1024
tbb,0.136415,0.154413,2048
tbb,0.669958,0.0283567,2
tbb,0.576594,0.00770987,4
tbb,0.472917,0.00825403,8
tbb,0.260765,0.00939462,16
tbb,0.181076,0.0114443,32
tbb,0.160784,0.015513,64
tbb,0.143722,0.0228286,128
tbb,0.134425,0.0365364,256
tbb,0.128236,0.0581879,512
tbb,0.129103,0.0959255,1024
tbb,0.13575,0.155288,2048
tbb,0.689912,0.0283676,2
tbb,0.594362,0.00772181,4
tbb,0.387263,0.00832284,8
tbb,0.260036,0.00941377,16
tbb,0.160966,0.0114789,32
tbb,0.158424,0.0155671,64
tbb,0.140615,0.0228103,128
tbb,0.136965,0.0356113,256
tbb,0.127237,0.0582966,512
tbb,0.127897,0.0945275,1024
tbb,0.135053,0.154681,2048
tbb,0.668575,0.0285074,2
tbb,0.614585,0.00773745,4
tbb,0.456621,0.00823521,8
tbb,0.252178,0.00942718,16
tbb,0.176667,0.0114236,32
tbb,0.144592,0.0155405,64
tbb,0.148201,0.0228084,128
tbb,0.135061,0.0359677,256
tbb,0.13067,0.0586449,512
tbb,0.126584,0.0949187,1024
tbb,0.134801,0.154954,2048
tbb,0.69044,0.028608,2
tbb,0.609061,0.00770113,4
tbb,0.466098,0.00825938,8
tbb,0.266812,0.00941792,16
tbb,0.167244,0.0114451,32
tbb,0.166312,0.0153997,64
tbb,0.157544,0.0227453,128
tbb,0.135353,0.0359313,256
tbb,0.128257,0.0578455,512
tbb,0.126345,0.0947612,1024
tbb,0.135012,0.153951,2048
tbb,0.678088,0.0287756,2
tbb,0.827687,0.00761257,4
tbb,0.509703,0.00837639,8
tbb,0.23865,0.00939565,16
tbb,0.176127,0.0114827,32
tbb,0.153212,0.0155143,64
tbb,0.150736,0.0228585,128
tbb,0.134085,0.0359805,256
tbb,0.127699,0.0578972,512
tbb,0.126531,0.0946588,1024
tbb,0.134439,0.15465,2048
tbb,0.675489,0.0284042,2
tbb,0.612639,0.00774441,4
tbb,0.398612,0.00828979,8
tbb,0.26439,0.00937578,16
tbb,0.191051,0.0114678,32
tbb,0.149761,0.0154704,64
tbb,0.156439,0.0228166,128
tbb,0.139851,0.0359611,256
tbb,0.128435,0.0580766,512
tbb,0.128358,0.0943328,1024
tbb,0.13478,0.153487,2048
tbb,0.673885,0.0295511,2
tbb,0.606212,0.00772815,4
tbb,0.347485,0.008352,8
tbb,0.238283,0.00944616,16
tbb,0.169514,0.0114553,32
tbb,0.179151,0.0153838,64
tbb,0.143717,0.0228167,128
tbb,0.141456,0.0359909,256
tbb,0.131339,0.0579282,512
tbb,0.126507,0.0945747,1024
tbb,0.134944,0.15185,2048
tbb,0.672841,0.0285272,2
tbb,0.580854,0.00771963,4
tbb,0.37961,0.00830498,8
tbb,0.253118,0.00969748,16
tbb,0.185217,0.011501,32
tbb,0.167979,0.0153987,64
tbb,0.140767,0.022821,128
tbb,0.133472,0.0360497,256
tbb,0.128876,0.0578295,512
tbb,0.12677,0.0941522,1024
tbb,0.134688,0.154769,2048
tbb,0.667748,0.0282391,2
tbb,0.745513,0.00763061,4
tbb,0.390441,0.00827609,8
tbb,0.256982,0.00937282,16
tbb,0.174328,0.0114504,32
tbb,0.143033,0.0154401,64
tbb,0.149204,0.0228077,128
tbb,0.133595,0.0361158,256
tbb,0.129018,0.0578016,512
tbb,0.126614,0.0944428,1024
tbb,0.13494,0.154769,2048
tbb,0.670945,0.0282557,2
tbb,0.813826,0.00770304,4
tbb,0.400232,0.00829991,8
tbb,0.254278,0.00940122,16
tbb,0.179663,0.0114973,32
tbb,0.157663,0.0154417,64
tbb,0.143966,0.022763,128
tbb,0.143144,0.0360451,256
tbb,0.13011,0.0579807,512
tbb,0.1278,0.0954394,1024
tbb,0.135534,0.155282,2048
tbb,0.670657,0.0286969,2
tbb,0.642765,0.00796225,4
tbb,0.495405,0.00826265,8
tbb,0.276226,0.0101177,16
tbb,0.168508,0.0114831,32
tbb,0.158635,0.015426,64
tbb,0.157289,0.0228168,128
tbb,0.137451,0.0360245,256
tbb,0.127928,0.058093,512
tbb,0.127851,0.0936909,1024
tbb,0.135186,0.152601,2048
tbb,0.677838,0.0284121,2
tbb,0.944409,0.00758774,4
tbb,0.431455,0.00836901,8
tbb,0.24286,0.00946437,16
tbb,0.188948,0.0114606,32
tbb,0.15374,0.0154392,64
tbb,0.139488,0.0229362,128
tbb,0.133323,0.0359881,256
tbb,0.127768,0.0582034,512
tbb,0.1262,0.0944285,1024
tbb,0.134551,0.154583,2048
tbb,0.670467,0.0284815,2
tbb,0.58288,0.00777507,4
tbb,0.366562,0.00836705,8
tbb,0.228079,0.00941102,16
tbb,0.184447,0.0114312,32
tbb,0.172781,0.0154183,64
tbb,0.145652,0.0227817,128
tbb,0.138655,0.0358873,256
tbb,0.127481,0.0576984,512
tbb,0.127474,0.0952551,1024
tbb,0.134516,0.154282,2048
tbb,0.67103,0.0283937,2
tbb,0.821443,0.0076512,4
tbb,0.399781,0.00832863,8
tbb,0.272618,0.00937926,16
tbb,0.182092,0.0114505,32
tbb,0.155148,0.0154462,64
tbb,0.144482,0.0229034,128
tbb,0.140814,0.0359897,256
tbb,0.128887,0.0579093,512
tbb,0.12694,0.0948043,1024
tbb,0.135779,0.154941,2048
tbb,0.706538,0.0285194,2
tbb,0.581146,0.00776497,4
tbb,0.476522,0.00826289,8
tbb,0.207122,0.00940537,16
tbb,0.181067,0.0114242,32
tbb,0.155477,0.0154472,64
tbb,0.148675,0.022874,128
tbb,0.135537,0.0358173,256
tbb,0.132292,0.0579784,512
tbb,0.127178,0.094411,1024
tbb,0.134758,0.154108,2048
tbb,0.669701,0.0282775,2
tbb,0.808672,0.00769384,4
tbb,0.483386,0.00824832,8
tbb,0.226692,0.00941003,16
tbb,0.173315,0.011439,32
tbb,0.152836,0.0155234,64
tbb,0.14284,0.0228726,128
tbb,0.13431,0.0360162,256
tbb,0.130634,0.0579628,512
tbb,0.126974,0.0946135,1024
tbb,0.134829,0.154297,2048
tbb,0.670349,0.0283641,2
tbb,0.586627,0.00773225,4
tbb,0.436092,0.0082886,8
tbb,0.211613,0.00942746,16
tbb,0.162981,0.0114655,32
tbb,0.153179,0.0154331,64
tbb,0.14982,0.0227926,128
tbb,0.142795,0.0364014,256
tbb,0.12976,0.0577569,512
tbb,0.125978,0.0943771,1024
tbb,0.134759,0.154372,2048
tbb,0.66856,0.028479,2
tbb,0.602016,0.00772416,4
tbb,0.421665,0.00831886,8
tbb,0.27561,0.00938635,16
tbb,0.198487,0.0114816,32
tbb,0.15379,0.0154428,64
tbb,0.148046,0.0228742,128
tbb,0.131999,0.0358596,256
tbb,0.12694,0.0577682,512
tbb,0.128021,0.0947473,1024
tbb,0.134649,0.154587,2048
tbb,0.672255,0.0284495,2
tbb,0.579577,0.00776674,4
tbb,0.492172,0.00835427,8
tbb,0.271076,0.0093503,16
tbb,0.201328,0.0114346,32
tbb,0.163224,0.0154556,64
tbb,0.1501,0.0227911,128
tbb,0.132863,0.0359853,256
tbb,0.127498,0.0577397,512
tbb,0.12821,0.0944603,1024
tbb,0.136242,0.154708,2048
tbb,0.676814,0.0286797,2
tbb,0.595727,0.00795262,4
tbb,0.389092,0.00830735,8
tbb,0.256716,0.010516,16
tbb,0.178239,0.0115104,32
tbb,0.15789,0.0154888,64
tbb,0.145107,0.0229079,128
tbb,0.139217,0.0363485,256
tbb,0.127103,0.0579664,512
tbb,0.128015,0.0945654,1024
tbb,0.134843,0.155062,2048
tbb,0.880141,0.0281931,2
tbb,0.578521,0.00772485,4
tbb,0.393743,0.00827735,8
tbb,0.271656,0.00940665,16
tbb,0.167377,0.0114753,32
tbb,0.160933,0.0154683,64
tbb,0.151061,0.0227071,128
tbb,0.138478,0.0360531,256
tbb,0.128882,0.057778,512
tbb,0.127316,0.0945542,1024
tbb,0.134922,0.155364,2048
tbb,0.765599,0.0292609,2
tbb,0.633187,0.00771951,4
tbb,0.377768,0.00831758,8
tbb,0.263351,0.0102184,16
tbb,0.211475,0.011686,32
tbb,0.152176,0.0156889,64
tbb,0.140932,0.0229837,128
tbb,0.136553,0.0364548,256
tbb,0.128314,0.057919,512
tbb,0.126776,0.0932978,1024
tbb,0.135068,0.156497,2048
tbb,0.670036,0.0281946,2
tbb,0.579377,0.00772856,4
tbb,0.51933,0.00831565,8
tbb,0.271319,0.00942481,16
tbb,0.153863,0.0114888,32
tbb,0.176094,0.0154561,64
tbb,0.142868,0.0227832,128
tbb,0.134084,0.0358992,256
tbb,0.128181,0.0578753,512
tbb,0.127534,0.0943248,1024
tbb,0.134948,0.151967,2048
tbb,0.670864,0.0282661,2
tbb,0.657681,0.00773452,4
tbb,0.482249,0.0083442,8
tbb,0.282641,0.00938783,16
tbb,0.210158,0.0114219,32
tbb,0.155989,0.0154255,64
tbb,0.142023,0.022893,128
tbb,0.135068,0.0358965,256
tbb,0.131372,0.0578145,512
tbb,0.126485,0.0941784,1024
tbb,0.134615,0.15359,2048
tbb,0.670523,0.0285479,2
tbb,0.579018,0.00768277,4
tbb,0.395029,0.00827953,8
tbb,0.270049,0.00938816,16
tbb,0.174223,0.0114079,32
tbb,0.168169,0.0154162,64
tbb,0.153831,0.0228485,128
tbb,0.132159,0.0359113,256
tbb,0.128212,0.0572401,512
tbb,0.127038,0.0951566,1024
tbb,0.135114,0.154007,2048
tbb,0.672594,0.0286061,2
tbb,0.639022,0.00812815,4
tbb,0.475644,0.00835099,8
tbb,0.260595,0.00942828,16
tbb,0.180348,0.0114218,32
tbb,0.166194,0.0154411,64
tbb,0.14271,0.0228586,128
tbb,0.134636,0.0360638,256
tbb,0.129214,0.0573015,512
tbb,0.126303,0.0945582,1024
tbb,0.135837,0.154388,2048
tbb,0.667062,0.028366,2
tbb,0.61739,0.00767868,4
tbb,0.39694,0.00827671,8
tbb,0.252756,0.00994305,16
tbb,0.177345,0.0114741,32
tbb,0.148471,0.0154423,64
tbb,0.143191,0.0227846,128
tbb,0.137491,0.0358841,256
tbb,0.1264,0.0578158,512
tbb,0.128132,0.0943203,1024
tbb,0.134552,0.152603,2048
tbb,0.669129,0.0284332,2
tbb,0.642384,0.0077332,4
tbb,0.568335,0.00831065,8
tbb,0.272321,0.00937305,16
tbb,0.172789,0.0114688,32
tbb,0.150563,0.0154763,64
tbb,0.159543,0.0228311,128
tbb,0.134577,0.0359438,256
tbb,0.130548,0.0575898,512
tbb,0.127582,0.0941257,1024
tbb,0.134958,0.154013,2048
tbb,0.671462,0.0285876,2
tbb,0.581204,0.00777837,4
tbb,0.381888,0.00832526,8
tbb,0.232058,0.00940012,16
tbb,0.202773,0.0114549,32
tbb,0.15928,0.015474,64
tbb,0.141827,0.0229088,128
tbb,0.13539,0.0359013,256
tbb,0.130546,0.0577781,512
tbb,0.126898,0.0934185,1024
tbb,0.134162,0.154555,2048
tbb,0.671214,0.0284723,2
tbb,0.574954,0.00772922,4
tbb,0.565576,0.00828924,8
tbb,0.230067,0.0101844,16
tbb,0.180108,0.0114351,32
tbb,0.160987,0.0153932,64
tbb,0.145145,0.0228443,128
tbb,0.136312,0.0359955,256
tbb,0.127755,0.0581294,512
tbb,0.129425,0.0936683,1024
tbb,0.13419,0.153041,2048
tbb,0.673412,0.0302383,2
tbb,0.577644,0.00772285,4
tbb,0.378969,0.00829373,8
tbb,0.245907,0.00939208,16
tbb,0.181419,0.0114726,32
tbb,0.156038,0.0154587,64
tbb,0.142794,0.0228523,128
tbb,0.136879,0.0358765,256
tbb,0.128527,0.0577204,512
tbb,0.128508,0.0953747,1024
tbb,0.134387,0.152345,2048
tbb,0.670904,0.0285236,2
tbb,0.85129,0.00776648,4
tbb,0.343626,0.00833874,8
tbb,0.264863,0.00940147,16
tbb,0.18164,0.0114517,32
tbb,0.153537,0.0154611,64
tbb,0.137956,0.022925,128
tbb,0.134807,0.0360278,256
tbb,0.128924,0.0581119,512
tbb,0.129022,0.0951066,1024
tbb,0.135411,0.154374,2048
tbb,0.671367,0.0284647,2
tbb,0.709038,0.00772168,4
tbb,0.478523,0.00846285,8
tbb,0.226675,0.00941861,16
tbb,0.187717,0.0114167,32
tbb,0.156369,0.016051,64
tbb,0.15618,0.022675,128
tbb,0.132855,0.0360919,256
tbb,0.1284,0.0580288,512
tbb,0.126553,0.0942598,1024
tbb,0.135119,0.153375,2048
tbb,0.66999,0.0284622,2
tbb,0.599025,0.00771892,4
tbb,0.564675,0.00830131,8
tbb,0.277318,0.00941043,16
tbb,0.184332,0.0114817,32
tbb,0.152906,0.0153961,64
tbb,0.140087,0.0228858,128
tbb,0.133125,0.0360922,256
tbb,0.13164,0.0578797,512
tbb,0.127221,0.0942876,1024
tbb,0.134908,0.155048,2048
tbb,0.674131,0.0283945,2
tbb,0.587143,0.00773333,4
tbb,0.436414,0.00830878,8
tbb,0.291273,0.00935569,16
tbb,0.189916,0.0113901,32
tbb,0.145699,0.0154713,64
tbb,0.154877,0.0229932,128
tbb,0.133968,0.0359992,256
tbb,0.128922,0.0576418,512
tbb,0.12671,0.0933449,1024
tbb,0.135231,0.154107,2048
tbb,0.958549,0.0281822,2
tbb,0.687066,0.00777354,4
tbb,0.338646,0.00833529,8
tbb,0.276971,0.0093508,16
tbb,0.172452,0.0114983,32
tbb,0.152979,0.0155297,64
tbb,0.150517,0.0228038,128
tbb,0.135053,0.0358617,256
tbb,0.130286,0.057878,512
tbb,0.126647,0.0943998,1024
tbb,0.134304,0.15217,2048
tbb,0.75936,0.0285226,2
tbb,0.919819,0.00771602,4
tbb,0.409381,0.00834212,8
tbb,0.226923,0.00940527,16
tbb,0.185146,0.0114305,32
tbb,0.158049,0.0154585,64
tbb,0.148035,0.0227749,128
tbb,0.136443,0.0359888,256
tbb,0.127817,0.0578803,512
tbb,0.126416,0.0950722,1024
tbb,0.134549,0.152342,2048
tbb,0.67079,0.0287752,2
tbb,0.582068,0.00774084,4
tbb,0.462026,0.0082533,8
tbb,0.234611,0.00940319,16
tbb,0.166076,0.0114601,32
tbb,0.146021,0.0155342,64
tbb,0.142551,0.0229048,128
tbb,0.136798,0.0358715,256
tbb,0.126902,0.0577968,512
tbb,0.126526,0.0943511,1024
tbb,0.13491,0.156372,2048
tbb,0.666774,0.0286876,2
tbb,0.723887,0.00767896,4
tbb,0.40119,0.00832485,8
tbb,0.232355,0.00944551,16
tbb,0.19265,0.0114222,32
tbb,0.155208,0.0155061,64
tbb,0.144885,0.0229017,128
tbb,0.13755,0.0359869,256
tbb,0.128231,0.0584976,512
tbb,0.1302,0.0951255,1024
tbb,0.135544,0.154842,2048
tbb,0.768881,0.0284806,2
tbb,0.730085,0.00770297,4
tbb,0.390289,0.00828613,8
tbb,0.263637,0.0093472,16
tbb,0.159351,0.0114741,32
tbb,0.160785,0.0154455,64
tbb,0.142677,0.0231693,128
tbb,0.137015,0.0361823,256
tbb,0.129781,0.0579017,512
tbb,0.127153,0.0943677,1024
tbb,0.134747,0.155094,2048
tbb,0.679932,0.0286498,2
tbb,0.581422,0.00777601,4
tbb,0.473814,0.00828953,8
tbb,0.25384,0.00941719,16
tbb,0.181828,0.0114928,32
tbb,0.155605,0.0155042,64
tbb,0.146899,0.0229193,128
tbb,0.135584,0.0361521,256
tbb,0.128317,0.0577058,512
tbb,0.127111,0.0946129,1024
tbb,0.134509,0.152423,2048
tbb,0.673832,0.0283954,2
tbb,0.580439,0.00776248,4
tbb,0.503353,0.00825098,8
tbb,0.254523,0.00941221,16
tbb,0.165517,0.0115271,32
tbb,0.158561,0.0154474,64
tbb,0.146594,0.0228161,128
tbb,0.134497,0.0359623,256
tbb,0.126294,0.0581536,512
tbb,0.128002,0.0946159,1024
tbb,0.134648,0.154492,2048
tbb,0.66809,0.0285757,2
tbb,0.673653,0.00767199,4
tbb,0.494671,0.00831267,8
tbb,0.286291,0.00936276,16
tbb,0.19215,0.0114455,32
tbb,0.169482,0.0153985,64
tbb,0.147513,0.0228292,128
tbb,0.136323,0.0359515,256
tbb,0.129348,0.05771,512
tbb,0.126811,0.0948141,1024
tbb,0.135047,0.1542,2048
tbb,0.937214,0.0290753,2
tbb,0.604607,0.00771723,4
tbb,0.474014,0.00828714,8
tbb,0.216942,0.0108261,16
tbb,0.158402,0.0114132,32
tbb,0.163718,0.0154282,64
tbb,0.152526,0.022756,128
tbb,0.136326,0.0359249,256
tbb,0.12656,0.0577661,512
tbb,0.126849,0.0942466,1024
tbb,0.135813,0.154117,2048
tbb,0.907215,0.0285737,2
tbb,0.589197,0.0077282,4
tbb,0.469277,0.00830549,8
tbb,0.261335,0.00937172,16
tbb,0.207298,0.0113936,32
tbb,0.156849,0.0154643,64
tbb,0.150366,0.0227877,128
tbb,0.133629,0.0358994,256
tbb,0.129015,0.0578957,512
tbb,0.1286,0.0947106,1024
tbb,0.134934,0.152659,2048
tbb,0.672542,0.0284692,2
tbb,0.581055,0.00779813,4
tbb,0.36479,0.00835204,8
tbb,0.277319,0.00941265,16
tbb,0.171591,0.0114399,32
tbb,0.160087,0.0154735,64
tbb,0.161911,0.0227284,128
tbb,0.133569,0.0359143,256
tbb,0.126611,0.0581345,512
tbb,0.126364,0.0952361,1024
tbb,0.134789,0.153867,2048
tbb,0.675961,0.0286796,2
tbb,0.852704,0.00768522,4
tbb,0.566025,0.00827664,8
tbb,0.246932,0.00947279,16
tbb,0.165321,0.0114766,32
tbb,0.157278,0.0154085,64
tbb,0.14027,0.0228419,128
tbb,0.145421,0.0357516,256
tbb,0.129173,0.057906,512
tbb,0.126357,0.0947019,1024
tbb,0.134483,0.155474,2048
tbb,0.676279,0.0284613,2
tbb,0.581544,0.00774296,4
tbb,0.390411,0.00827131,8
tbb,0.26757,0.00938088,16
tbb,0.168127,0.0115028,32
tbb,0.171426,0.0155223,64
tbb,0.147969,0.0228346,128
tbb,0.134118,0.0359978,256
tbb,0.127344,0.0583878,512
tbb,0.129117,0.0937163,1024
tbb,0.134899,0.154057,2048
tbb,0.674556,0.0283789,2
tbb,0.608248,0.00777745,4
tbb,0.501977,0.00833518,8
tbb,0.291055,0.00943293,16
tbb,0.173511,0.0115018,32
tbb,0.148543,0.015501,64
tbb,0.149542,0.0227745,128
tbb,0.137161,0.035867,256
tbb,0.126443,0.0580744,512
tbb,0.126765,0.0934226,1024
tbb,0.13463,0.154952,2048
tbb,0.6684,0.0284918,2
tbb,0.580506,0.00770688,4
tbb,0.504545,0.00841463,8
tbb,0.257398,0.00938938,16
tbb,0.171046,0.0114561,32
tbb,0.150179,0.0154549,64
tbb,0.140999,0.0228308,128
tbb,0.134028,0.0359491,256
tbb,0.127465,0.0577297,512
tbb,0.126609,0.0947628,1024
tbb,0.134773,0.153859,2048
tbb,0.721483,0.0283368,2
tbb,0.60341,0.00779395,4
tbb,0.462903,0.00831339,8
tbb,0.255121,0.00938779,16
tbb,0.174664,0.0115031,32
tbb,0.151481,0.0154697,64
tbb,0.1551,0.0227866,128
tbb,0.134127,0.0360432,256
tbb,0.128404,0.0580342,512
tbb,0.127426,0.0947181,1024
tbb,0.134489,0.154461,2048
tbb,0.666778,0.0284007,2
tbb,0.580919,0.00775945,4
tbb,0.345459,0.00830295,8
tbb,0.218957,0.0108664,16
tbb,0.180399,0.0114897,32
tbb,0.163005,0.0154335,64
tbb,0.142345,0.0227915,128
tbb,0.135452,0.0359719,256
tbb,0.127901,0.0576899,512
tbb,0.126638,0.0946761,1024
tbb,0.135106,0.153919,2048
tbb,0.664954,0.0288179,2
tbb,0.659715,0.0076791,4
tbb,0.388234,0.00828084,8
tbb,0.250327,0.00936618,16
tbb,0.187051,0.0114577,32
tbb,0.150915,0.0154793,64
tbb,0.146217,0.0229478,128
tbb,0.132758,0.0360598,256
tbb,0.129741,0.0581389,512
tbb,0.12741,0.0948901,1024
tbb,0.135335,0.154869,2048
tbb,0.706338,0.028715,2
tbb,0.624635,0.00766195,4
tbb,0.359198,0.00836617,8
tbb,0.267385,0.00939398,16
tbb,0.184428,0.011506,32
tbb,0.156811,0.0154751,64
tbb,0.155488,0.0228541,128
tbb,0.136762,0.0360191,256
tbb,0.127013,0.0578578,512
tbb,0.127989,0.0947267,1024
tbb,0.134917,0.152611,2048
tbb,0.671654,0.0282765,2
tbb,0.580664,0.00775056,4
tbb,0.48912,0.00827315,8
tbb,0.249072,0.00934609,16
tbb,0.177733,0.0114973,32
tbb,0.148414,0.0156726,64
tbb,0.140331,0.0228755,128
tbb,0.135753,0.0361437,256
tbb,0.127059,0.0572218,512
tbb,0.128928,0.0942421,1024
tbb,0.13483,0.152916,2048
tbb,0.67283,0.0287689,2
tbb,0.578031,0.00770551,4
tbb,0.50591,0.00829654,8
tbb,0.254424,0.00940707,16
tbb,0.208465,0.0113989,32
tbb,0.148494,0.0154059,64
tbb,0.155494,0.0228313,128
tbb,0.13587,0.0360499,256
tbb,0.126808,0.0579645,512
tbb,0.127406,0.0948871,1024
tbb,0.13555,0.154091,2048
tbb,0.67072,0.0284477,2
tbb,0.576723,0.00772439,4
tbb,0.396197,0.00824985,8
tbb,0.284521,0.00938372,16
tbb,0.162965,0.0114647,32
tbb,0.166347,0.0155001,64
tbb,0.148504,0.0228065,128
tbb,0.141241,0.0359928,256
tbb,0.127473,0.0579702,512
tbb,0.128016,0.0941601,1024
tbb,0.134671,0.154587,2048
tbb,0.671809,0.0284124,2
tbb,0.647678,0.00774279,4
tbb,0.347123,0.00829312,8
tbb,0.262333,0.00935001,16
tbb,0.204875,0.0115067,32
tbb,0.163219,0.0170346,64
tbb,0.145516,0.0230469,128
tbb,0.138991,0.0359955,256
tbb,0.133047,0.0579438,512
tbb,0.128983,0.0941772,1024
tbb,0.135309,0.154669,2048
tbb,0.902519,0.0281409,2
tbb,0.783062,0.00766831,4
tbb,0.348009,0.0082839,8
tbb,0.257467,0.00936387,16
tbb,0.168203,0.0114713,32
tbb,0.161014,0.0154347,64
tbb,0.140575,0.0227711,128
tbb,0.131205,0.0360845,256
tbb,0.129422,0.0581167,512
tbb,0.127574,0.0946647,1024
tbb,0.135357,0.152926,2048
tbb,0.668396,0.0284212,2
tbb,0.601791,0.00775837,4
tbb,0.405533,0.00828708,8
tbb,0.245785,0.00942256,16
tbb,0.189609,0.0114679,32
tbb,0.151437,0.0154753,64
tbb,0.147939,0.0229018,128
tbb,0.138983,0.0370736,256
tbb,0.130764,0.0577667,512
tbb,0.127487,0.0946313,1024
tbb,0.135912,0.154034,2048
tbb,0.675563,0.0283842,2
tbb,0.585444,0.00776853,4
tbb,0.349389,0.00831148,8
tbb,0.287735,0.00941295,16
tbb,0.176785,0.011494,32
tbb,0.162672,0.0154425,64
tbb,0.148575,0.0228152,128
tbb,0.138665,0.0359254,256
tbb,0.130765,0.0580808,512
tbb,0.126841,0.0942466,1024
tbb,0.134844,0.153912,2048
tbb,0.668591,0.0284585,2
tbb,0.640605,0.00770828,4
tbb,0.431202,0.00822502,8
tbb,0.248104,0.00933703,16
tbb,0.167502,0.0115112,32
tbb,0.162829,0.0153749,64
tbb,0.145932,0.0228484,128
tbb,0.137942,0.0360046,256
tbb,0.12693,0.0576421,512
tbb,0.126812,0.0942205,1024
tbb,0.135501,0.154193,2048
tbb,0.669305,0.0283595,2
tbb,0.577323,0.00771014,4
tbb,0.342626,0.00836434,8
tbb,0.282012,0.00934239,16
tbb,0.167683,0.0114931,32
tbb,0.162075,0.0154136,64
tbb,0.144646,0.0228433,128
tbb,0.135772,0.0359861,256
tbb,0.128599,0.0578291,512
tbb,0.128025,0.0942403,1024
tbb,0.134854,0.154986,2048
tbb,0.67137,0.0283679,2
tbb,0.600001,0.00770664,4
tbb,0.401959,0.00826287,8
tbb,0.281812,0.00938577,16
tbb,0.172641,0.0115477,32
tbb,0.149712,0.015508,64
tbb,0.142474,0.0228347,128
tbb,0.132694,0.0360247,256
tbb,0.128826,0.0581438,512
tbb,0.128009,0.0942663,1024
tbb,0.134661,0.155159,2048
tbb,0.669785,0.028332,2
tbb,0.74015,0.00761986,4
tbb,0.370935,0.00832766,8
tbb,0.287361,0.00937536,16
tbb,0.173516,0.0114874,32
tbb,0.153882,0.0155368,64
tbb,0.144157,0.0228762,128
tbb,0.14074,0.0360613,256
tbb,0.127253,0.0581598,512
tbb,0.12703,0.0952092,1024
tbb,0.1351,0.153243,2048
tbb,0.780873,0.0280742,2
tbb,0.781564,0.00764452,4
tbb,0.397578,0.00829143,8
tbb,0.241444,0.00953827,16
tbb,0.181914,0.0114227,32
tbb,0.160098,0.0154402,64
tbb,0.144117,0.0227429,128
tbb,0.141693,0.0358953,256
tbb,0.12835,0.0581669,512
tbb,0.127632,0.09313,1024
tbb,0.134894,0.153343,2048
tbb,0.673719,0.0286178,2
tbb,0.579964,0.0077461,4
tbb,0.378514,0.00831085,8
tbb,0.231967,0.00940732,16
tbb,0.202959,0.0113812,32
tbb,0.154834,0.0154619,64
tbb,0.158805,0.0226881,128
tbb,0.131236,0.0359211,256
tbb,0.132261,0.0576971,512
tbb,0.128062,0.0932816,1024
tbb,0.135551,0.153771,2048
tbb,0.669187,0.0283443,2
tbb,0.577501,0.00772727,4
tbb,0.453583,0.00829021,8
tbb,0.238113,0.00944201,16
tbb,0.184367,0.0114508,32
tbb,0.166424,0.0154348,64
tbb,0.158196,0.0227576,128
tbb,0.13492,0.0358812,256
tbb,0.127357,0.0578602,512
tbb,0.126722,0.0943516,1024
tbb,0.13562,0.154394,2048
tbb,0.672885,0.0286845,2
tbb,0.669457,0.00774829,4
tbb,0.389416,0.00848072,8
tbb,0.224689,0.00971059,16
tbb,0.187656,0.0115097,32
tbb,0.148167,0.0154348,64
tbb,0.145327,0.0227895,128
tbb,0.133688,0.0358578,256
tbb,0.127819,0.0579995,512
tbb,0.128408,0.0943097,1024
tbb,0.136031,0.156175,2048
tbb,0.692545,0.0284259,2
tbb,0.576035,0.00779054,4
tbb,0.399016,0.0082842,8
tbb,0.246202,0.00937146,16
tbb,0.176547,0.0114283,32
tbb,0.161962,0.015405,64
tbb,0.143818,0.0228719,128
tbb,0.133701,0.0358276,256
tbb,0.129448,0.0576534,512
tbb,0.12725,0.0944026,1024
tbb,0.135408,0.154631,2048
tbb,0.670722,0.0284567,2
tbb,0.681236,0.00771634,4
tbb,0.344188,0.00838563,8
tbb,0.237016,0.00941793,16
tbb,0.177409,0.0114376,32
tbb,0.149095,0.0155097,64
tbb,0.154355,0.0227467,128
tbb,0.136542,0.0361086,256
tbb,0.128292,0.0580463,512
tbb,0.127446,0.094399,1024
tbb,0.135915,0.151955,2048
tbb,0.67109,0.0283847,2
tbb,0.684359,0.00769152,4
tbb,0.469857,0.00830902,8
tbb,0.227072,0.00940093,16
tbb,0.176467,0.0114458,32
tbb,0.157242,0.0154841,64
tbb,0.150748,0.0227426,128
tbb,0.133878,0.0358627,256
tbb,0.127283,0.058161,512
tbb,0.127901,0.0948646,1024
tbb,0.134923,0.152986,2048
tbb,0.67122,0.0284987,2
tbb,0.768016,0.007704,4
tbb,0.345716,0.00834202,8
tbb,0.244869,0.00937338,16
tbb,0.164017,0.0114477,32
tbb,0.159899,0.0154747,64
tbb,0.148426,0.0228478,128
tbb,0.137815,0.0359355,256
tbb,0.12868,0.0577772,512
tbb,0.128347,0.0941492,1024
tbb,0.135099,0.153243,2048
tbb,0.671073,0.0282929,2
tbb,0.944868,0.0075904,4
tbb,0.346747,0.00829606,8
tbb,0.2447,0.00939813,16
tbb,0.193865,0.0114418,32
tbb,0.155292,0.0155046,64
tbb,0.153618,0.0228109,128
tbb,0.140151,0.0356939,256
tbb,0.129789,0.0579656,512
tbb,0.126656,0.093721,1024
tbb,0.134984,0.153691,2048
tbb,0.668381,0.0285316,2
tbb,0.837181,0.00763111,4
tbb,0.503309,0.00822665,8
tbb,0.271176,0.00936887,16
tbb,0.176412,0.0114631,32
tbb,0.158416,0.0154891,64
tbb,0.164633,0.0227868,128
tbb,0.134696,0.0359824,256
tbb,0.127404,0.0579022,512
tbb,0.126821,0.0942081,1024
tbb,0.13441,0.154098,2048
tbb,0.796663,0.0285551,2
tbb,0.579681,0.00773321,4
tbb,0.47402,0.00830938,8
tbb,0.247769,0.00939337,16
tbb,0.176421,0.0115326,32
tbb,0.152795,0.0154521,64
tbb,0.145092,0.0228145,128
tbb,0.142885,0.0362839,256
tbb,0.128386,0.0573481,512
tbb,0.127414,0.0945797,1024
tbb,0.134835,0.152375,2048
tbb,0.952386,0.0288948,2
tbb,0.838713,0.00757064,4
tbb,0.344087,0.00837296,8
tbb,0.2665,0.0093838,16
tbb,0.195401,0.0114857,32
tbb,0.151821,0.0154312,64
tbb,0.146882,0.0228593,128
tbb,0.134025,0.0359558,256
tbb,0.128435,0.0573197,512
tbb,0.128368,0.0934436,1024
tbb,0.134711,0.154532,2048
tbb,0.792876,0.0283778,2
tbb,0.642789,0.0077601,4
tbb,0.34226,0.00828864,8
tbb,0.209222,0.00941205,16
tbb,0.164943,0.0114425,32
tbb,0.14744,0.0154625,64
tbb,0.146038,0.0228291,128
tbb,0.136636,0.0360658,256
tbb,0.129162,0.0578642,512
tbb,0.129154,0.0942509,1024
tbb,0.134657,0.152689,2048
tbb,0.669397,0.0285741,2
tbb,0.83856,0.00758386,4
tbb,0.449958,0.00829057,8
tbb,0.265248,0.00937816,16
tbb,0.178012,0.0114769,32
tbb,0.157535,0.0155209,64
tbb,0.145479,0.0229907,128
tbb,0.139109,0.036087,256
tbb,0.129989,0.0581162,512
tbb,0.127412,0.0950023,1024
tbb,0.135124,0.154459,2048
tbb,0.665422,0.0284348,2
tbb,0.581036,0.00771409,4
tbb,0.43531,0.00828797,8
tbb,0.290562,0.00939928,16
tbb,0.173196,0.0114857,32
tbb,0.154083,0.0154051,64
tbb,0.15091,0.0229201,128
tbb,0.130571,0.0361229,256
tbb,0.128804,0.0576918,512
tbb,0.128381,0.0948477,1024
tbb,0.134281,0.154981,2048
tbb,0.672327,0.0288112,2
tbb,0.582688,0.0077526,4
tbb,0.350768,0.00850443,8
tbb,0.288366,0.00933977,16
tbb,0.177854,0.0114349,32
tbb,0.158578,0.0154338,64
tbb,0.147768,0.0230086,128
tbb,0.136108,0.0359721,256
tbb,0.127744,0.0578635,512
tbb,0.127556,0.0949792,1024
tbb,0.134453,0.154414,2048
tbb,0.701566,0.0283314,2
tbb,0.841036,0.00771863,4
tbb,0.385005,0.00837605,8
tbb,0.257949,0.00943783,16
tbb,0.160124,0.0114583,32
tbb,0.149172,0.0154871,64
tbb,0.150438,0.022764,128
tbb,0.135296,0.0358976,256
tbb,0.127932,0.0577093,512
tbb,0.126751,0.0937346,1024
tbb,0.13484,0.154236,2048
tbb,0.672053,0.0284921,2
tbb,0.68359,0.0077646,4
tbb,0.504785,0.00828758,8
tbb,0.260469,0.00943099,16
tbb,0.161823,0.0114562,32
tbb,0.152286,0.015555,64
tbb,0.154541,0.022715,128
tbb,0.136644,0.0359524,256
tbb,0.127423,0.0637858,512
tbb,0.133029,0.0962289,1024
tbb,0.134722,0.152387,2048
tbb,0.799732,0.0310505,2
tbb,0.577429,0.00784706,4
tbb,0.418401,0.00831549,8
tbb,0.288604,0.00943617,16
tbb,0.181004,0.0114506,32
tbb,0.168134,0.0154185,64
tbb,0.142634,0.0227876,128
tbb,0.13619,0.0359735,256
tbb,0.1288,0.0580762,512
tbb,0.126761,0.0946915,1024
tbb,0.134936,0.152726,2048
tbb,0.675308,0.0334424,2
tbb,0.886609,0.00764908,4
tbb,0.435302,0.00829201,8
tbb,0.24063,0.00952077,16
tbb,0.190266,0.0114806,32
tbb,0.158058,0.0154691,64
tbb,0.144795,0.0227679,128
tbb,0.135414,0.0359572,256
tbb,0.126648,0.0579581,512
tbb,0.127579,0.0952445,1024
tbb,0.134793,0.154123,2048
tbb,0.706919,0.0313567,2
tbb,0.707555,0.00869303,4
tbb,0.384817,0.00832489,8
tbb,0.253019,0.0105594,16
tbb,0.183277,0.0115027,32
tbb,0.172813,0.015467,64
tbb,0.159216,0.0249848,128
tbb,0.142688,0.0361424,256
tbb,0.134819,0.0579703,512
tbb,0.143907,0.0952925,1024
tbb,0.14335,0.156886,2048
tbb,0.698324,0.0287453,2
tbb,0.69473,0.00814555,4
tbb,0.505845,0.00828148,8
tbb,0.268298,0.00938996,16
tbb,0.173082,0.0115095,32
tbb,0.155197,0.0154569,64
tbb,0.146627,0.0229312,128
tbb,0.133757,0.0358734,256
tbb,0.130152,0.0580539,512
tbb,0.127029,0.0938217,1024
tbb,0.135077,0.154798,2048
tbb,0.679073,0.0286565,2
tbb,0.602368,0.00809023,4
tbb,0.396718,0.00829767,8
tbb,0.203023,0.00945577,16
tbb,0.173162,0.0114822,32
tbb,0.153838,0.0155053,64
tbb,0.144029,0.0228509,128
tbb,0.133508,0.0359621,256
tbb,0.128785,0.0578721,512
tbb,0.127324,0.094229,1024
tbb,0.134946,0.152431,2048
tbb,0.671531,0.0288348,2
tbb,0.578683,0.00773909,4
tbb,0.362947,0.00832418,8
tbb,0.28274,0.00940107,16
tbb,0.167415,0.0114565,32
tbb,0.161837,0.0153831,64
tbb,0.149569,0.0227974,128
tbb,0.137527,0.0360715,256
tbb,0.130097,0.0580947,512
tbb,0.127162,0.0948048,1024
tbb,0.135678,0.153052,2048
tbb,1.09655,0.0281646,2
tbb,0.59447,0.00775656,4
tbb,0.415607,0.00835079,8
tbb,0.209943,0.00942958,16
tbb,0.170707,0.0115132,32
tbb,0.159147,0.0154237,64
tbb,0.155342,0.0228231,128
tbb,0.143753,0.0360599,256
tbb,0.127375,0.058123,512
tbb,0.127029,0.0950777,1024
tbb,0.134767,0.154666,2048
tbb,1.04319,0.0285233,2
tbb,0.719699,0.00776045,4
tbb,0.56771,0.00830164,8
tbb,0.231103,0.00945509,16
tbb,0.186638,0.0114101,32
tbb,0.160392,0.0154483,64
tbb,0.144757,0.0227584,128
tbb,0.137063,0.0359974,256
tbb,0.134096,0.0578193,512
tbb,0.12644,0.0948814,1024
tbb,0.135395,0.153407,2048
tbb,0.669186,0.0285045,2
tbb,0.909202,0.00767784,4
tbb,0.486987,0.00825579,8
tbb,0.287836,0.00936224,16
tbb,0.200558,0.0114347,32
tbb,0.150626,0.0154497,64
tbb,0.144867,0.0228008,128
tbb,0.132159,0.0360128,256
tbb,0.126746,0.0580481,512
tbb,0.126441,0.0947113,1024
tbb,0.135466,0.154852,2048
tbb,0.672631,0.0285046,2
tbb,0.60272,0.00777834,4
tbb,0.364591,0.00835378,8
tbb,0.276421,0.00942494,16
tbb,0.183771,0.0114627,32
tbb,0.158325,0.0154515,64
tbb,0.141292,0.0227915,128
tbb,0.134368,0.0359699,256
tbb,0.128732,0.0578475,512
tbb,0.128389,0.0942473,1024
tbb,0.134363,0.154435,2048
tbb,1.09565,0.0282713,2
tbb,0.58416,0.00780676,4
tbb,0.347108,0.00836343,8
tbb,0.256452,0.0093811,16
tbb,0.18328,0.0114306,32
tbb,0.157329,0.0154485,64
tbb,0.145679,0.0227559,128
tbb,0.131404,0.0359525,256
tbb,0.128738,0.057311,512
tbb,0.127035,0.0932813,1024
tbb,0.13503,0.153971,2048
tbb,0.66995,0.0285371,2
tbb,0.702945,0.00774847,4
tbb,0.491957,0.00828373,8
tbb,0.23273,0.00942461,16
tbb,0.174054,0.0114522,32
tbb,0.153261,0.0154498,64
tbb,0.156659,0.0227484,128
tbb,0.136178,0.0359395,256
tbb,0.129277,0.0581288,512
tbb,0.127976,0.0942067,1024
tbb,0.135774,0.153311,2048
c17,0.680533,0.028663,2
c17,0.642142,0.00766408,4
c17,0.343529,0.00833662,8
c17,0.208388,0.00934782,16
c17,0.168727,0.011392,32
c17,0.157579,0.0153701,64
c17,0.140274,0.0227272,128
c17,0.132499,0.0356774,256
c17,0.127094,0.0575526,512
c17,0.12527,0.0931157,1024
c17,0.134592,0.151947,2048
c17,0.70471,0.0285059,2
c17,0.877471,0.00758304,4
c17,0.398845,0.00826309,8
c17,0.277598,0.00935387,16
c17,0.176672,0.0114162,32
c17,0.155987,0.0153735,64
c17,0.140126,0.0226212,128
c17,0.137714,0.0356247,256
c17,0.128079,0.0575084,512
c17,0.127593,0.0934696,1024
c17,0.132989,0.152233,2048
c17,0.677754,0.0283934,2
c17,0.580588,0.0076686,4
c17,0.496461,0.00830523,8
c17,0.266171,0.00933968,16
c17,0.190464,0.0114189,32
c17,0.157733,0.0154048,64
c17,0.146376,0.0227756,128
c17,0.132049,0.0357539,256
c17,0.130323,0.057428,512
c17,0.128223,0.0936884,1024
c17,0.133824,0.152776,2048
c17,0.675227,0.0287034,2
c17,0.628328,0.00765759,4
c17,0.344251,0.0082949,8
c17,0.264851,0.00933517,16
c17,0.16218,0.0114518,32
c17,0.152161,0.0152893,64
c17,0.142039,0.0225907,128
c17,0.132798,0.0357401,256
c17,0.128088,0.0577375,512
c17,0.126803,0.0939004,1024
c17,0.133523,0.153117,2048
c17,0.67551,0.0287814,2
c17,0.626861,0.00772305,4
c17,0.433976,0.00825891,8
c17,0.254578,0.00935038,16
c17,0.192428,0.0113902,32
c17,0.156433,0.0155189,64
c17,0.1431,0.0225681,128
c17,0.130965,0.0355905,256
c17,0.131582,0.0574009,512
c17,0.127631,0.0934809,1024
c17,0.133511,0.15298,2048
c17,0.681754,0.0287569,2
c17,0.709122,0.00767116,4
c17,0.341028,0.00826207,8
c17,0.280024,0.00933504,16
c17,0.184706,0.0113378,32
c17,0.157328,0.0153132,64
c17,0.158971,0.0226621,128
c17,0.133923,0.0355688,256
c17,0.126544,0.0577728,512
c17,0.124772,0.0945761,1024
c17,0.133283,0.152831,2048
c17,0.672604,0.0285688,2
c17,0.676416,0.00763885,4
c17,0.339551,0.00827863,8
c17,0.257189,0.00937619,16
c17,0.177349,0.0113792,32
c17,0.152937,0.0152929,64
c17,0.145807,0.0226325,128
c17,0.135015,0.0355503,256
c17,0.128031,0.0572695,512
c17,0.126617,0.0929174,1024
c17,0.133035,0.153017,2048
c17,1.1001,0.0283357,2
c17,0.645164,0.00766683,4
c17,0.464512,0.00822377,8
c17,0.242602,0.00933969,16
c17,0.162907,0.0114372,32
c17,0.151599,0.0153644,64
c17,0.143484,0.0227387,128
c17,0.137169,0.0357017,256
c17,0.130915,0.0576358,512
c17,0.125418,0.0934117,1024
c17,0.13422,0.152593,2048
c17,0.676267,0.028711,2
c17,0.65488,0.0076921,4
c17,0.339551,0.0082668,8
c17,0.251374,0.00938159,16
c17,0.170884,0.0113666,32
c17,0.163956,0.0153608,64
c17,0.149483,0.0225376,128
c17,0.133789,0.0356583,256
c17,0.127636,0.057305,512
c17,0.127964,0.0941638,1024
c17,0.134216,0.152075,2048
c17,0.676267,0.0286426,2
c17,0.585938,0.00769927,4
c17,0.384458,0.00822674,8
c17,0.26991,0.00934274,16
c17,0.188103,0.0112582,32
c17,0.165553,0.0153844,64
c17,0.145677,0.0226429,128
c17,0.133949,0.0356179,256
c17,0.129555,0.0575211,512
c17,0.1271,0.0933094,1024
c17,0.133758,0.152364,2048
c17,0.680103,0.0286656,2
c17,0.641941,0.00765914,4
c17,0.486958,0.00823583,8
c17,0.232605,0.00934308,16
c17,0.192347,0.0113238,32
c17,0.157408,0.0154288,64
c17,0.148118,0.0226586,128
c17,0.141959,0.0356293,256
c17,0.127977,0.0575021,512
c17,0.126882,0.0931922,1024
c17,0.133823,0.152841,2048
c17,0.675766,0.0285524,2
c17,0.581552,0.00771709,4
c17,0.422724,0.00827009,8
c17,0.263768,0.0093419,16
c17,0.171176,0.0113897,32
c17,0.160709,0.015339,64
c17,0.151579,0.0226547,128
c17,0.135561,0.0356442,256
c17,0.127187,0.0572173,512
c17,0.125863,0.0933722,1024
c17,0.133971,0.152433,2048
c17,0.678129,0.0286388,2
c17,0.579203,0.00766426,4
c17,0.387567,0.00823028,8
c17,0.233663,0.00931829,16
c17,0.189237,0.0113987,32
c17,0.149448,0.0153509,64
c17,0.151502,0.0226392,128
c17,0.132592,0.0355723,256
c17,0.128178,0.0573706,512
c17,0.12621,0.0929901,1024
c17,0.133558,0.153638,2048
c17,0.671084,0.0285662,2
c17,0.606338,0.00772234,4
c17,0.50106,0.00816976,8
c17,0.245712,0.00932103,16
c17,0.195121,0.0114072,32
c17,0.157538,0.0154527,64
c17,0.144913,0.0226733,128
c17,0.139284,0.0356856,256
c17,0.128264,0.0575694,512
c17,0.125741,0.0932437,1024
c17,0.133541,0.151823,2048
c17,1.0992,0.0282286,2
c17,0.640742,0.0076445,4
c17,0.46308,0.00825305,8
c17,0.252909,0.00929681,16
c17,0.173559,0.0113845,32
c17,0.15287,0.0153151,64
c17,0.146363,0.0226289,128
c17,0.142104,0.035663,256
c17,0.128773,0.0574877,512
c17,0.125547,0.0933975,1024
c17,0.133549,0.152614,2048
c17,0.672637,0.0284939,2
c17,0.601099,0.00767599,4
c17,0.397925,0.00821805,8
c17,0.258548,0.0093256,16
c17,0.172257,0.0113575,32
c17,0.154913,0.0154167,64
c17,0.147233,0.0226221,128
c17,0.135895,0.0356902,256
c17,0.130392,0.0574763,512
c17,0.126907,0.0936963,1024
c17,0.133804,0.153282,2048
c17,0.673858,0.0282634,2
c17,0.604159,0.00768707,4
c17,0.35178,0.00826609,8
c17,0.25005,0.0093592,16
c17,0.171196,0.0113976,32
c17,0.155761,0.0153804,64
c17,0.149685,0.0227356,128
c17,0.135396,0.0356358,256
c17,0.12809,0.0575174,512
c17,0.126307,0.0943208,1024
c17,0.133723,0.152706,2048
c17,0.669436,0.0284825,2
c17,0.830201,0.00756865,4
c17,0.368029,0.00826367,8
c17,0.259592,0.00936894,16
c17,0.199194,0.0113813,32
c17,0.168305,0.0153874,64
c17,0.16138,0.0227654,128
c17,0.133753,0.0356315,256
c17,0.129924,0.0574311,512
c17,0.12704,0.0933412,1024
c17,0.13335,0.152689,2048
c17,0.676459,0.0286013,2
c17,0.650977,0.0076742,4
c17,0.464366,0.00822685,8
c17,0.286715,0.00931954,16
c17,0.157807,0.0113493,32
c17,0.15679,0.0153433,64
c17,0.149304,0.0227031,128
c17,0.141054,0.0357011,256
c17,0.127346,0.0576235,512
c17,0.127374,0.0943204,1024
c17,0.13346,0.151937,2048
c17,0.669061,0.0284108,2
c17,0.643452,0.00763095,4
c17,0.404307,0.00827607,8
c17,0.263373,0.00931907,16
c17,0.200854,0.0113914,32
c17,0.150154,0.0153574,64
c17,0.145911,0.0226238,128
c17,0.131908,0.0356444,256
c17,0.127307,0.0573049,512
c17,0.127179,0.0936994,1024
c17,0.132983,0.152042,2048
c17,1.09919,0.0282403,2
c17,0.690818,0.00766627,4
c17,0.341413,0.00830467,8
c17,0.258246,0.00937185,16
c17,0.179712,0.0114087,32
c17,0.165875,0.0153519,64
c17,0.154332,0.0226203,128
c17,0.133664,0.0358826,256
c17,0.128311,0.057379,512
c17,0.125317,0.0932735,1024
c17,0.133985,0.152937,2048
c17,0.737708,0.0281988,2
c17,0.582446,0.00772298,4
c17,0.38936,0.00820925,8
c17,0.252103,0.0093063,16
c17,0.188703,0.0114248,32
c17,0.158457,0.0153922,64
c17,0.143557,0.022562,128
c17,0.131185,0.0357026,256
c17,0.127616,0.0573527,512
c17,0.126118,0.0932069,1024
c17,0.132833,0.151535,2048
c17,0.673974,0.0285447,2
c17,0.749618,0.00772951,4
c17,0.472411,0.00827161,8
c17,0.229814,0.00986993,16
c17,0.177391,0.0113846,32
c17,0.161602,0.0152822,64
c17,0.162879,0.022736,128
c17,0.138385,0.0357276,256
c17,0.129726,0.0576099,512
c17,0.12736,0.0934972,1024
c17,0.133877,0.152199,2048
c17,0.680025,0.0284375,2
c17,0.785361,0.00768052,4
c17,0.494321,0.00824682,8
c17,0.254432,0.00933332,16
c17,0.17668,0.0113946,32
c17,0.155085,0.0153966,64
c17,0.158194,0.0226177,128
c17,0.134987,0.035698,256
c17,0.130179,0.0577614,512
c17,0.128091,0.0933597,1024
c17,0.133315,0.151373,2048
c17,0.691156,0.0287277,2
c17,0.648157,0.00769366,4
c17,0.401355,0.0082052,8
c17,0.245011,0.00932173,16
c17,0.15441,0.0114003,32
c17,0.148854,0.0153667,64
c17,0.149573,0.0227288,128
c17,0.132317,0.0356508,256
c17,0.128047,0.0573514,512
c17,0.12707,0.0931577,1024
c17,0.134392,0.152082,2048
c17,0.678194,0.0285721,2
c17,0.726351,0.0077354,4
c17,0.352719,0.00829075,8
c17,0.234777,0.00937008,16
c17,0.189388,0.0113178,32
c17,0.171633,0.0153205,64
c17,0.147234,0.0226286,128
c17,0.138397,0.0356014,256
c17,0.128355,0.0574109,512
c17,0.126648,0.0939453,1024
c17,0.133963,0.152503,2048
c17,0.672919,0.0284463,2
c17,0.644252,0.00767738,4
c17,0.397732,0.00827096,8
c17,0.243158,0.00943392,16
c17,0.16079,0.0113603,32
c17,0.161052,0.015298,64
c17,0.149125,0.0226379,128
c17,0.135173,0.0355637,256
c17,0.128973,0.0574151,512
c17,0.125905,0.0932318,1024
c17,0.133942,0.152118,2048
c17,0.675828,0.0284492,2
c17,0.644684,0.00766006,4
c17,0.392272,0.00828537,8
c17,0.263488,0.00935963,16
c17,0.200117,0.0113481,32
c17,0.148207,0.015315,64
c17,0.148996,0.0225933,128
c17,0.135446,0.0356787,256
c17,0.126382,0.0576505,512
c17,0.125581,0.093532,1024
c17,0.133375,0.152079,2048
c17,0.672038,0.0284633,2
c17,0.593596,0.00774292,4
c17,0.342741,0.00827455,8
c17,0.207433,0.00936983,16
c17,0.158707,0.0114517,32
c17,0.150558,0.0154096,64
c17,0.14438,0.0226746,128
c17,0.136459,0.0358423,256
c17,0.127615,0.0577764,512
c17,0.125917,0.0936858,1024
c17,0.133756,0.151977,2048
c17,0.674744,0.0286365,2
c17,0.642009,0.00764523,4
c17,0.339985,0.00829307,8
c17,0.290537,0.00929189,16
c17,0.157507,0.011471,32
c17,0.165034,0.015339,64
c17,0.156004,0.0225957,128
c17,0.133782,0.0357491,256
c17,0.127924,0.0576361,512
c17,0.127009,0.0930151,1024
c17,0.134514,0.153013,2048
c17,0.679126,0.0285628,2
c17,0.948486,0.00753648,4
c17,0.455104,0.00831125,8
c17,0.182831,0.0094863,16
c17,0.182843,0.0114336,32
c17,0.156007,0.0153188,64
c17,0.145629,0.0226388,128
c17,0.13188,0.035794,256
c17,0.127324,0.0574183,512
c17,0.126699,0.093537,1024
c17,0.133068,0.154559,2048
c17,0.67623,0.0285466,2
c17,0.594588,0.00769388,4
c17,0.495674,0.00823136,8
c17,0.269075,0.00929645,16
c17,0.19196,0.0113753,32
c17,0.155899,0.0154468,64
c17,0.140463,0.0227943,128
c17,0.141253,0.0357773,256
c17,0.126876,0.0575889,512
c17,0.126553,0.0934941,1024
c17,0.133004,0.152921,2048
c17,0.674912,0.0285467,2
c17,0.579064,0.00770488,4
c17,0.380426,0.00847567,8
c17,0.261736,0.0105164,16
c17,0.173067,0.011365,32
c17,0.151891,0.015361,64
c17,0.154303,0.0227464,128
c17,0.133972,0.0356656,256
c17,0.127912,0.0574669,512
c17,0.126251,0.0934626,1024
c17,0.133221,0.151982,2048
c17,0.671551,0.0284391,2
c17,0.640935,0.00767387,4
c17,0.492904,0.00823695,8
c17,0.26748,0.00932485,16
c17,0.165846,0.0113617,32
c17,0.154349,0.015339,64
c17,0.162328,0.0225978,128
c17,0.135593,0.03564,256
c17,0.126656,0.0574941,512
c17,0.125847,0.0935085,1024
c17,0.13314,0.152587,2048
c17,0.672279,0.0284227,2
c17,0.780419,0.00757912,4
c17,0.480743,0.00828645,8
c17,0.281261,0.00938796,16
c17,0.189881,0.0114045,32
c17,0.160903,0.0152875,64
c17,0.146866,0.0226507,128
c17,0.133119,0.0356835,256
c17,0.128053,0.057407,512
c17,0.127619,0.0931313,1024
c17,0.133716,0.153381,2048
c17,0.675668,0.0285204,2
c17,0.641491,0.00767012,4
c17,0.431528,0.00824883,8
c17,0.259257,0.00929566,16
c17,0.172372,0.0113532,32
c17,0.165416,0.015391,64
c17,0.151537,0.0225831,128
c17,0.135412,0.0356719,256
c17,0.127783,0.0575753,512
c17,0.127262,0.0931657,1024
c17,0.132951,0.153103,2048
c17,1.05845,0.0282944,2
c17,0.641776,0.00762131,4
c17,0.446694,0.00824068,8
c17,0.258455,0.00930818,16
c17,0.176038,0.0113608,32
c17,0.155343,0.0153517,64
c17,0.152426,0.0226132,128
c17,0.134677,0.0356645,256
c17,0.128419,0.0576325,512
c17,0.125594,0.0936365,1024
c17,0.133234,0.152943,2048
c17,0.672548,0.0283849,2
c17,0.597806,0.00770815,4
c17,0.553153,0.00822661,8
c17,0.281736,0.00934565,16
c17,0.19618,0.0113635,32
c17,0.163572,0.0153679,64
c17,0.146661,0.022612,128
c17,0.135985,0.0355539,256
c17,0.128256,0.0576117,512
c17,0.125614,0.0935787,1024
c17,0.133106,0.15285,2048
c17,0.674306,0.0285332,2
c17,0.577855,0.0076848,4
c17,0.392779,0.00821393,8
c17,0.193915,0.00936544,16
c17,0.20481,0.0114145,32
c17,0.153132,0.0153504,64
c17,0.147871,0.0226036,128
c17,0.143118,0.0355452,256
c17,0.12871,0.0571907,512
c17,0.125712,0.093545,1024
c17,0.133084,0.153171,2048
c17,0.681582,0.028794,2
c17,0.582169,0.00771471,4
c17,0.390347,0.00829773,8
c17,0.283066,0.00936902,16
c17,0.164194,0.0113796,32
c17,0.159462,0.0153042,64
c17,0.156749,0.0226079,128
c17,0.13496,0.0355711,256
c17,0.127328,0.0584339,512
c17,0.126862,0.0946157,1024
c17,0.132915,0.151579,2048
c17,0.678398,0.0287445,2
c17,0.579116,0.00771252,4
c17,0.339605,0.00829928,8
c17,0.24436,0.00936346,16
c17,0.189751,0.0113605,32
c17,0.17058,0.015332,64
c17,0.141405,0.0227609,128
c17,0.132918,0.0356567,256
c17,0.126645,0.0576417,512
c17,0.125859,0.093292,1024
c17,0.133994,0.15227,2048
c17,0.719696,0.028504,2
c17,0.928186,0.00768468,4
c17,0.491226,0.00820278,8
c17,0.256321,0.00931352,16
c17,0.179909,0.0113959,32
c17,0.149875,0.0153375,64
c17,0.155683,0.0226872,128
c17,0.142239,0.0355647,256
c17,0.127716,0.057677,512
c17,0.125634,0.0932387,1024
c17,0.133139,0.152135,2048
c17,0.673328,0.0284896,2
c17,0.610831,0.00766912,4
c17,0.406639,0.00829526,8
c17,0.282155,0.00936539,16
c17,0.169216,0.0114738,32
c17,0.149538,0.0154411,64
c17,0.141114,0.0227635,128
c17,0.132832,0.0357274,256
c17,0.125954,0.0574681,512
c17,0.125196,0.0938662,1024
c17,0.133971,0.152522,2048
c17,0.67994,0.0288117,2
c17,0.645728,0.00770757,4
c17,0.390421,0.00825208,8
c17,0.257758,0.00934547,16
c17,0.186906,0.0113998,32
c17,0.157359,0.0152947,64
c17,0.147058,0.0226485,128
c17,0.133076,0.0358231,256
c17,0.127082,0.0577351,512
c17,0.127375,0.0931391,1024
c17,0.134004,0.153326,2048
c17,0.675385,0.0289862,2
c17,0.677524,0.00772305,4
c17,0.499742,0.00821839,8
c17,0.274788,0.00936528,16
c17,0.164131,0.0114737,32
c17,0.161832,0.0153645,64
c17,0.142147,0.0226654,128
c17,0.133532,0.0357987,256
c17,0.12762,0.0577202,512
c17,0.12679,0.0929683,1024
c17,0.133369,0.15196,2048
c17,0.68076,0.0284607,2
c17,0.586606,0.00772968,4
c17,0.471749,0.00824991,8
c17,0.212485,0.0093687,16
c17,0.190386,0.0113614,32
c17,0.166418,0.0153862,64
c17,0.142216,0.0226968,128
c17,0.13591,0.0356617,256
c17,0.126212,0.0575532,512
c17,0.126583,0.0935473,1024
c17,0.133716,0.151922,2048
c17,0.674376,0.0284092,2
c17,0.651131,0.0076783,4
c17,0.414496,0.0083041,8
c17,0.248257,0.00936394,16
c17,0.172017,0.0114248,32
c17,0.152903,0.0153484,64
c17,0.146989,0.0226599,128
c17,0.132577,0.0358223,256
c17,0.129032,0.0576844,512
c17,0.12578,0.0937043,1024
c17,0.13351,0.152901,2048
c17,0.677905,0.0285751,2
c17,0.640415,0.00766054,4
c17,0.404692,0.00825146,8
c17,0.236139,0.00932776,16
c17,0.204384,0.0113711,32
c17,0.156281,0.0153727,64
c17,0.143684,0.0227608,128
c17,0.132654,0.0364964,256
c17,0.128585,0.0576808,512
c17,0.127374,0.0935603,1024
c17,0.133351,0.152154,2048
c17,0.716373,0.0287848,2
c17,0.581425,0.00769306,4
c17,0.56512,0.00822948,8
c17,0.248237,0.0108125,16
c17,0.169789,0.0113676,32
c17,0.158402,0.0153254,64
c17,0.149093,0.0226724,128
c17,0.135859,0.0357528,256
c17,0.130073,0.0576199,512
c17,0.126052,0.0931661,1024
c17,0.132771,0.152081,2048
c17,0.672865,0.0285646,2
c17,0.641181,0.00764647,4
c17,0.346404,0.00828285,8
c17,0.255671,0.00934668,16
c17,0.184614,0.0113334,32
c17,0.163626,0.015347,64
c17,0.144033,0.0228307,128
c17,0.133883,0.0356878,256
c17,0.127862,0.0576024,512
c17,0.126556,0.093435,1024
c17,0.133966,0.15257,2048
c17,0.675967,0.0288598,2
c17,0.580986,0.0076839,4
c17,0.474461,0.00824284,8
c17,0.274694,0.00934415,16
c17,0.204519,0.0113611,32
c17,0.147674,0.0153393,64
c17,0.143615,0.0226972,128
c17,0.1345,0.0355798,256
c17,0.128104,0.0576396,512
c17,0.125913,0.0932134,1024
c17,0.134239,0.153588,2048
c17,0.673259,0.0283455,2
c17,0.577579,0.00768762,4
c17,0.388621,0.00824492,8
c17,0.208224,0.00937714,16
c17,0.158328,0.0114203,32
c17,0.15169,0.0153691,64
c17,0.146472,0.0226473,128
c17,0.133215,0.035672,256
c17,0.128933,0.0577022,512
c17,0.126064,0.0936109,1024
c17,0.133628,0.153739,2048
c17,0.673933,0.0286272,2
c17,0.582901,0.00774422,4
c17,0.388957,0.00825937,8
c17,0.215133,0.0094105,16
c17,0.212398,0.0114,32
c17,0.165538,0.0153201,64
c17,0.140097,0.0226348,128
c17,0.140281,0.0357239,256
c17,0.131944,0.0573766,512
c17,0.127633,0.0931516,1024
c17,0.134703,0.152454,2048
c17,0.762674,0.0284559,2
c17,0.854827,0.00759578,4
c17,0.508444,0.00829325,8
c17,0.235493,0.00940693,16
c17,0.18405,0.0113498,32
c17,0.174122,0.0153065,64
c17,0.167965,0.0225751,128
c17,0.140367,0.0357015,256
c17,0.132587,0.0574545,512
c17,0.129837,0.0938359,1024
c17,0.138361,0.152506,2048
c17,1.09772,0.0282591,2
c17,0.677091,0.00768657,4
c17,0.492836,0.0082428,8
c17,0.241533,0.00942472,16
c17,0.168633,0.0113839,32
c17,0.161254,0.0153524,64
c17,0.148401,0.0227079,128
c17,0.133272,0.0357187,256
c17,0.129268,0.0577815,512
c17,0.126861,0.0936491,1024
c17,0.133674,0.152642,2048
c17,0.682105,0.0284231,2
c17,0.799265,0.00771057,4
c17,0.477881,0.00823865,8
c17,0.227618,0.0093668,16
c17,0.167671,0.0113525,32
c17,0.151176,0.0154227,64
c17,0.147098,0.0227583,128
c17,0.137857,0.0355637,256
c17,0.127354,0.0575288,512
c17,0.127916,0.0933166,1024
c17,0.134003,0.153021,2048
c17,0.675231,0.0285627,2
c17,0.587921,0.0076983,4
c17,0.564637,0.00819686,8
c17,0.249264,0.00935556,16
c17,0.191607,0.0114044,32
c17,0.164166,0.0153107,64
c17,0.153373,0.0237486,128
c17,0.142301,0.0356249,256
c17,0.126954,0.057461,512
c17,0.126223,0.0936368,1024
c17,0.133425,0.152691,2048
c17,0.673568,0.0283383,2
c17,0.582118,0.00771247,4
c17,0.367458,0.00835563,8
c17,0.272568,0.00934636,16
c17,0.182059,0.0114271,32
c17,0.152514,0.0153623,64
c17,0.143016,0.0227137,128
c17,0.134176,0.0357026,256
c17,0.129524,0.0573649,512
c17,0.125411,0.0937101,1024
c17,0.133714,0.152204,2048
c17,0.674789,0.0284136,2
c17,0.691251,0.00771011,4
c17,0.467301,0.0082139,8
c17,0.222216,0.00937905,16
c17,0.182846,0.0113689,32
c17,0.165846,0.0153382,64
c17,0.155384,0.0227213,128
c17,0.140308,0.0357235,256
c17,0.126293,0.0573369,512
c17,0.126015,0.0942668,1024
c17,0.133599,0.152702,2048
c17,0.677349,0.0284756,2
c17,0.58285,0.00770655,4
c17,0.495255,0.00820623,8
c17,0.27979,0.00938758,16
c17,0.155325,0.0114036,32
c17,0.16495,0.0154369,64
c17,0.146408,0.0227548,128
c17,0.13657,0.0357697,256
c17,0.129209,0.0576027,512
c17,0.125944,0.0938443,1024
c17,0.133379,0.152978,2048
c17,0.676026,0.0284479,2
c17,0.582152,0.00769148,4
c17,0.378249,0.00824087,8
c17,0.232095,0.00934887,16
c17,0.158941,0.0114052,32
c17,0.161154,0.0154349,64
c17,0.141753,0.0228287,128
c17,0.13392,0.0357346,256
c17,0.126417,0.0577667,512
c17,0.126522,0.0937903,1024
c17,0.133256,0.152129,2048
c17,0.677236,0.0285249,2
c17,0.775585,0.0076067,4
c17,0.510905,0.00824377,8
c17,0.251183,0.0102697,16
c17,0.181782,0.0114077,32
c17,0.154266,0.0153864,64
c17,0.148483,0.0226737,128
c17,0.136812,0.0357183,256
c17,0.12915,0.0575785,512
c17,0.127012,0.0935475,1024
c17,0.13387,0.152727,2048
c17,0.671588,0.0284784,2
c17,0.621869,0.00774227,4
c17,0.386026,0.00829214,8
c17,0.252668,0.00932835,16
c17,0.179646,0.0113502,32
c17,0.150988,0.0153428,64
c17,0.152766,0.0226345,128
c17,0.136063,0.0356594,256
c17,0.128345,0.0575713,512
c17,0.126854,0.0942001,1024
c17,0.133543,0.151775,2048
c17,0.743686,0.0285326,2
c17,0.666354,0.00766893,4
c17,0.385653,0.00891772,8
c17,0.272281,0.00929809,16
c17,0.165807,0.0113698,32
c17,0.15296,0.0154225,64
c17,0.142163,0.0225631,128
c17,0.133886,0.0355971,256
c17,0.126767,0.0576386,512
c17,0.125587,0.0932334,1024
c17,0.134671,0.152625,2048
c17,0.675216,0.0285407,2
c17,0.629723,0.00770257,4
c17,0.474902,0.00823321,8
c17,0.249666,0.00934392,16
c17,0.16405,0.0114082,32
c17,0.163597,0.0153002,64
c17,0.156372,0.0225931,128
c17,0.138478,0.0356408,256
c17,0.127888,0.057412,512
c17,0.126707,0.0935329,1024
c17,0.133815,0.15305,2048
c17,0.682144,0.0286742,2
c17,0.762659,0.00753873,4
c17,0.408796,0.00825471,8
c17,0.263248,0.00935067,16
c17,0.16211,0.0118854,32
c17,0.159592,0.0153306,64
c17,0.141516,0.0226449,128
c17,0.140615,0.0357292,256
c17,0.128495,0.0574399,512
c17,0.127174,0.0936556,1024
c17,0.133401,0.153045,2048
c17,0.665953,0.0282118,2
c17,0.584477,0.00770808,4
c17,0.391524,0.00826026,8
c17,0.274015,0.00942226,16
c17,0.179334,0.0113526,32
c17,0.150324,0.0153846,64
c17,0.14669,0.0225794,128
c17,0.144038,0.0355288,256
c17,0.128185,0.0572364,512
c17,0.130346,0.0935118,1024
c17,0.133013,0.152168,2048
c17,0.676852,0.0287097,2
c17,0.581194,0.00770485,4
c17,0.418979,0.00833333,8
c17,0.277335,0.00935824,16
c17,0.192669,0.0113971,32
c17,0.156639,0.0153483,64
c17,0.157193,0.0226689,128
c17,0.133384,0.035759,256
c17,0.126286,0.0575452,512
c17,0.126262,0.0933195,1024
c17,0.1336,0.152784,2048
c17,0.676751,0.0286108,2
c17,0.637881,0.00769157,4
c17,0.468163,0.00833807,8
c17,0.282595,0.00931418,16
c17,0.171263,0.0113472,32
c17,0.154351,0.0153394,64
c17,0.142572,0.0226523,128
c17,0.142875,0.0356624,256
c17,0.127164,0.0573264,512
c17,0.125179,0.0930979,1024
c17,0.133943,0.152989,2048
c17,0.676249,0.0286249,2
c17,0.582262,0.00772081,4
c17,0.427909,0.00828193,8
c17,0.276044,0.00933166,16
c17,0.169499,0.0113564,32
c17,0.150663,0.0153839,64
c17,0.143782,0.0226937,128
c17,0.137119,0.035664,256
c17,0.126505,0.0574565,512
c17,0.125852,0.0936488,1024
c17,0.133682,0.151964,2048
c17,0.674009,0.0285815,2
c17,0.684461,0.00770349,4
c17,0.40111,0.00820341,8
c17,0.275592,0.00927108,16
c17,0.168767,0.0114149,32
c17,0.158495,0.0153364,64
c17,0.144796,0.0226135,128
c17,0.135969,0.035673,256
c17,0.129366,0.0575592,512
c17,0.126154,0.0937728,1024
c17,0.133165,0.152482,2048
c17,0.673802,0.0283386,2
c17,0.732186,0.00773726,4
c17,0.473636,0.00818406,8
c17,0.279046,0.00932775,16
c17,0.178589,0.0113427,32
c17,0.156398,0.0153112,64
c17,0.143459,0.0226879,128
c17,0.134409,0.0355767,256
c17,0.126578,0.0576813,512
c17,0.127519,0.0934675,1024
c17,0.133413,0.152237,2048
c17,0.994839,0.0289594,2
c17,0.585237,0.00771633,4
c17,0.348219,0.00825137,8
c17,0.219812,0.00934118,16
c17,0.17731,0.0113904,32
c17,0.155725,0.0153039,64
c17,0.140529,0.0227057,128
c17,0.136655,0.0356489,256
c17,0.126604,0.0577408,512
c17,0.126687,0.0939108,1024
c17,0.133478,0.152409,2048
c17,0.728341,0.028138,2
c17,0.584958,0.00768315,4
c17,0.439341,0.0082701,8
c17,0.273375,0.00930635,16
c17,0.181183,0.0113587,32
c17,0.150949,0.0152932,64
c17,0.143549,0.0227096,128
c17,0.134555,0.0355388,256
c17,0.127187,0.0573412,512
c17,0.127415,0.0931446,1024
c17,0.13327,0.152485,2048
c17,0.755729,0.0285382,2
c17,0.579143,0.00767876,4
c17,0.366613,0.00831238,8
c17,0.253331,0.0097719,16
c17,0.176318,0.0113556,32
c17,0.147434,0.0154432,64
c17,0.138558,0.0226313,128
c17,0.144785,0.0357373,256
c17,0.127,0.0574473,512
c17,0.12616,0.0932056,1024
c17,0.13322,0.153102,2048
c17,1.04674,0.0284523,2
c17,0.782483,0.00755601,4
c17,0.403447,0.00824887,8
c17,0.281292,0.00931738,16
c17,0.159619,0.0114361,32
c17,0.150572,0.0153955,64
c17,0.140789,0.0227581,128
c17,0.132343,0.0357859,256
c17,0.128057,0.0576444,512
c17,0.125142,0.0931295,1024
c17,0.133828,0.152706,2048
c17,0.672327,0.028578,2
c17,0.822607,0.00770897,4
c17,0.427874,0.00823291,8
c17,0.239984,0.00936187,16
c17,0.159606,0.0113871,32
c17,0.165627,0.0152739,64
c17,0.146281,0.0226091,128
c17,0.136249,0.0357275,256
c17,0.12766,0.0574132,512
c17,0.126125,0.0933956,1024
c17,0.133332,0.15194,2048
c17,0.717294,0.0287229,2
c17,0.630397,0.00779345,4
c17,0.42259,0.00826088,8
c17,0.233752,0.00933301,16
c17,0.195865,0.0113637,32
c17,0.164217,0.0153245,64
c17,0.144626,0.0225957,128
c17,0.133607,0.0358875,256
c17,0.126764,0.0576003,512
c17,0.128195,0.0933603,1024
c17,0.133527,0.152467,2048
c17,0.679958,0.0285333,2
c17,0.579209,0.00778449,4
c17,0.485526,0.00826418,8
c17,0.21453,0.00935002,16
c17,0.170721,0.0114456,32
c17,0.154316,0.0153798,64
c17,0.142911,0.0226586,128
c17,0.135903,0.0356828,256
c17,0.126979,0.0574668,512
c17,0.127051,0.0934138,1024
c17,0.13354,0.153205,2048
c17,0.67827,0.0285666,2
c17,0.600996,0.00771188,4
c17,0.389873,0.00828068,8
c17,0.278732,0.00938851,16
c17,0.215437,0.0113662,32
c17,0.157873,0.0153565,64
c17,0.146658,0.0226497,128
c17,0.137485,0.0357048,256
c17,0.129031,0.0575731,512
c17,0.125942,0.0938639,1024
c17,0.133526,0.152679,2048
c17,0.674454,0.0284074,2
c17,0.679202,0.0076977,4
c17,0.353789,0.00825,8
c17,0.268313,0.01026,16
c17,0.17728,0.0113796,32
c17,0.15552,0.0153307,64
c17,0.144588,0.0226942,128
c17,0.134148,0.0356796,256
c17,0.13254,0.0575484,512
c17,0.125703,0.0935742,1024
c17,0.13342,0.153493,2048
c17,0.680108,0.0285822,2
c17,0.644452,0.00767019,4
c17,0.488438,0.00826399,8
c17,0.246859,0.00935566,16
c17,0.163202,0.0114288,32
c17,0.152347,0.0153686,64
c17,0.148703,0.022747,128
c17,0.133688,0.0358555,256
c17,0.127678,0.0574347,512
c17,0.126028,0.0935365,1024
c17,0.132831,0.152284,2048
c17,0.674632,0.0285206,2
c17,0.58376,0.00769855,4
c17,0.493704,0.00822637,8
c17,0.250254,0.00933038,16
c17,0.176216,0.0113069,32
c17,0.168922,0.0154123,64
c17,0.158741,0.0226359,128
c17,0.13272,0.0355542,256
c17,0.125886,0.0574128,512
c17,0.126574,0.0932166,1024
c17,0.133076,0.151987,2048
c17,0.675451,0.0285493,2
c17,0.639945,0.00774287,4
c17,0.423722,0.00823826,8
c17,0.255005,0.00928586,16
c17,0.189611,0.0113691,32
c17,0.151306,0.015368,64
c17,0.145195,0.0226726,128
c17,0.137845,0.0355664,256
c17,0.126816,0.0573462,512
c17,0.126758,0.0932041,1024
c17,0.133687,0.15274,2048
c17,0.674071,0.0286177,2
c17,0.638207,0.00765357,4
c17,0.567343,0.00822057,8
c17,0.262791,0.00934962,16
c17,0.17142,0.0114623,32
c17,0.15403,0.0153502,64
c17,0.147378,0.0225503,128
c17,0.138602,0.0357751,256
c17,0.128283,0.0575564,512
c17,0.126258,0.0934675,1024
c17,0.134515,0.152688,2048
c17,0.720855,0.0285033,2
c17,0.579455,0.00773921,4
c17,0.516396,0.00822071,8
c17,0.26925,0.00934506,16
c17,0.16332,0.0114482,32
c17,0.15911,0.0154024,64
c17,0.149291,0.022608,128
c17,0.131534,0.0356908,256
c17,0.127329,0.057439,512
c17,0.125104,0.0933205,1024
c17,0.133941,0.152667,2048
c17,0.67948,0.0286094,2
c17,0.580506,0.00798104,4
c17,0.454604,0.00826979,8
c17,0.243709,0.00942221,16
c17,0.168028,0.0113773,32
c17,0.155787,0.015282,64
c17,0.148829,0.0226459,128
c17,0.132175,0.0356942,256
c17,0.130274,0.0583536,512
c17,0.125943,0.0939107,1024
c17,0.133972,0.1519,2048
c17,0.672756,0.0284923,2
c17,0.91996,0.00760433,4
c17,0.496319,0.00825919,8
c17,0.281983,0.00931816,16
c17,0.175645,0.0113546,32
c17,0.158007,0.0153741,64
c17,0.142731,0.0227227,128
c17,0.136759,0.0357446,256
c17,0.12992,0.0574048,512
c17,0.126692,0.093339,1024
c17,0.133218,0.151965,2048
c17,0.678096,0.0284338,2
c17,0.665436,0.00764232,4
c17,0.483969,0.00826177,8
c17,0.25935,0.0093324,16
c17,0.206573,0.0114356,32
c17,0.157869,0.0153962,64
c17,0.156208,0.0226569,128
c17,0.135552,0.035646,256
c17,0.127611,0.057346,512
c17,0.126553,0.0950882,1024
c17,0.133978,0.152675,2048
c17,0.675867,0.0284872,2
c17,0.625916,0.00771661,4
c17,0.369457,0.00830281,8
c17,0.286939,0.00935558,16
c17,0.164179,0.0113695,32
c17,0.15251,0.0153535,64
c17,0.139154,0.0226198,128
c17,0.134505,0.0356083,256
c17,0.128466,0.0573668,512
c17,0.125514,0.0932005,1024
c17,0.133315,0.152393,2048
c17,0.679306,0.0285854,2
c17,0.606022,0.00773397,4
c17,0.345581,0.00829973,8
c17,0.251521,0.00987212,16
c17,0.182257,0.0113107,32
c17,0.158922,0.015276,64
c17,0.144803,0.0227832,128
c17,0.131529,0.0356004,256
c17,0.126944,0.0574262,512
c17,0.126485,0.0933862,1024
c17,0.133408,0.151295,2048
c17,0.675814,0.0285093,2
c17,0.798935,0.00765748,4
c17,0.479751,0.00824774,8
c17,0.258877,0.00937073,16
c17,0.179726,0.0114221,32
c17,0.153129,0.0154181,64
c17,0.144438,0.0227408,128
c17,0.143395,0.0357415,256
c17,0.127592,0.0577453,512
c17,0.126196,0.0937017,1024
c17,0.133132,0.152137,2048
c17,0.677924,0.0285125,2
c17,0.88503,0.00763407,4
c17,0.566412,0.00825021,8
c17,0.241769,0.00930027,16
c17,0.170154,0.0113838,32
c17,0.150431,0.0164022,64
c17,0.15538,0.0226072,128
c17,0.135375,0.0356309,256
c17,0.12813,0.0575433,512
c17,0.125638,0.0933102,1024
c17,0.134193,0.152127,2048
c17,0.679666,0.0287223,2
c17,0.846074,0.00758116,4
c17,0.41091,0.00826809,8
c17,0.289638,0.00928929,16
c17,0.16758,0.0114177,32
c17,0.150361,0.015312,64
c17,0.147892,0.0226829,128
c17,0.132402,0.0356981,256
c17,0.128729,0.0593015,512
c17,0.126364,0.0936689,1024
c17,0.132783,0.153042,2048
c17,0.675699,0.0284877,2
c17,0.636838,0.00765707,4
c17,0.38194,0.00829933,8
c17,0.255395,0.00932236,16
c17,0.182687,0.0113702,32
c17,0.152076,0.01531,64
c17,0.149095,0.0226193,128
c17,0.131981,0.0357504,256
c17,0.127323,0.0576739,512
c17,0.126694,0.0935369,1024
c17,0.133942,0.152623,2048
c17,0.672677,0.0285571,2
c17,0.660784,0.00766468,4
c17,0.492962,0.00820583,8
c17,0.204329,0.00937281,16
c17,0.177556,0.0113806,32
c17,0.156886,0.0153394,64
c17,0.147228,0.022703,128
c17,0.135588,0.0357083,256
c17,0.12709,0.057388,512
c17,0.126273,0.0935394,1024
c17,0.132674,0.15279,2048
c17,0.742892,0.0284943,2
c17,0.696675,0.00768368,4
c17,0.486349,0.00821356,8
c17,0.256387,0.00935879,16
c17,0.155079,0.0113823,32
c17,0.15259,0.0165884,64
c17,0.15352,0.0227639,128
c17,0.135432,0.0357288,256
c17,0.126348,0.0576656,512
c17,0.126334,0.094027,1024
c17,0.133513,0.152961,2048
c17,0.678828,0.0286542,2
c17,0.933162,0.00765264,4
c17,0.495568,0.00823372,8
c17,0.26124,0.00931275,16
c17,0.18605,0.0113444,32
c17,0.162379,0.0154528,64
c17,0.138293,0.0226399,128
c17,0.134807,0.0357038,256
c17,0.126958,0.057321,512
c17,0.124867,0.0937049,1024
c17,0.133513,0.152978,2048
c17,0.678321,0.0284132,2
c17,0.642266,0.00762949,4
c17,0.346641,0.00827052,8
c17,0.289586,0.00930403,16
c17,0.190824,0.01145,32
c17,0.162461,0.0153497,64
c17,0.142415,0.0226448,128
c17,0.134049,0.0356811,256
c17,0.12844,0.05762,512
c17,0.125587,0.0934897,1024
c17,0.134151,0.152858,2048
c17,0.70334,0.0286611,2
c17,0.756965,0.00748824,4
c17,0.342436,0.00825383,8
c17,0.259971,0.00935498,16
c17,0.181223,0.0114025,32
c17,0.151438,0.0153993,64
c17,0.142028,0.0227286,128
c17,0.130393,0.0357101,256
c17,0.128238,0.0576839,512
c17,0.126132,0.0936348,1024
c17,0.132418,0.151656,2048
